"Country","Document","Year of Submission","Variable","Evidence"
"Algeria","BTR",2024,"HazardSystem","[4932 • System at risk] The effects of climate change are manifested by shorter rainy seasons, intense heat waves, an increase in flooding, a drastic reduction in water supply to watersheds, significant drawdowns in several …"
"Algeria","BTR",2024,"HazardPriority","[5007 • Adaptation priorities] Develop sowing techniques in marginal areas and areas that are fragile and sensitive to erosion"
"Algeria","BTR",2024,"HazardAction","[5041 • Action] Development of a flood risk prevention plan in the Seybouse watershed (PPRI)"
"Algeria","BTR",2024,"HazardResult","[5043 • Result] Development and implementation of the Seybouze PPRI The hazard and issue maps must be extended to the entire territory to identify the red and blue zones, sensitive to flooding."
"Algeria","BTR",2024,"SystemPriority","[5015 • Adaptation priorities] Restoration of the steppe ecosystem through the regeneration of alfa"
"Algeria","BTR",2024,"SystemAction","[4994 • Action] Development and extension of irrigation (drip) in water-saving system"
"Algeria","BTR",2024,"SystemResult","[4996 • Result] We went from 757,494 ha irrigated in 2018 to 996,807 ha in 2022. Water savers have enabled water savings of more than 20%, or the water requirement of 200,000 ha"
"Andorra","BTR",2023,"HazardSystem","[5630 • System at risk] Vulnerability of ski resorts, due to the decrease in natural snow, which depends on altitude."
"Andorra","BTR",2023,"HazardPriority",NA
"Andorra","BTR",2023,"HazardAction","[5648 • Action] The diversification of snow tourism towards mountain or nature tourism (more (seasonally adjusted). The figures show that the annual number of tourists has not decreased recent years and the numbe…"
"Andorra","BTR",2023,"HazardResult",NA
"Andorra","BTR",2023,"SystemPriority",NA
"Andorra","BTR",2023,"SystemAction","[5648 • Action] The diversification of snow tourism towards mountain or nature tourism (more (seasonally adjusted). The figures show that the annual number of tourists has not decreased recent years and the numbe…"
"Andorra","BTR",2023,"SystemResult",NA
"Argentina","BTR",2024,"HazardSystem","[5666 • System at risk] Risk of health problems for people due to floods (physical damage, infections and health effects) mental)."
"Argentina","BTR",2024,"HazardPriority","[5694 • Adaptation priorities] Develop cartography of the areas most vulnerable to desertification due to climatic factors in the future scenarios."
"Argentina","BTR",2024,"HazardAction",NA
"Argentina","BTR",2024,"HazardResult",NA
"Argentina","BTR",2024,"SystemPriority","[5695 • Adaptation priorities] Strengthening design and maintenance of infrastructures of resilient transport climate, including railways, roads (including bridges and tunnels), roads rural, ports and airports."
"Argentina","BTR",2024,"SystemAction",NA
"Argentina","BTR",2024,"SystemResult",NA
"Australia","BTR",2024,"HazardSystem","[8042 • System at risk] climate change is expected to affect human life and health through a variety of channels, from acute impacts associated with natural disasters to the slow-onset changes such as increases in average te…"
"Australia","BTR",2024,"HazardPriority","[8086 • Adaptation priorities] • Urban Water Strategy: A strategy will be developed to integrate management of recycled water (including stormwater) and mains water to support liveability and climate resilience."
"Australia","BTR",2024,"HazardAction","[8100 • Action] Developing a National Heat-Health Action Plan to minimise the health impacts of heat."
"Australia","BTR",2024,"HazardResult","[8102 • Result] The Critical Infrastructure Risk Management Program (CIRMP) is intended to uplift core security practices that relate to the management of certain critical infrastructure assets. The CIRMP framework r…"
"Australia","BTR",2024,"SystemPriority","[8066 • Adaptation priorities] Many states and territories publish regular reports on observed and projected impacts of climate change. This evidence base supports governments to plan and implement effective adaptation at the local…"
"Australia","BTR",2024,"SystemAction","[8097 • Action] Completing the health component of Australia’s National Climate Risk Assessment."
"Australia","BTR",2024,"SystemResult","[8095 • Result] For the private sector, recent and new climate risk disclosure and management requirements for large listed and unlisted businesses, financial institutions and critical infrastructure will together pr…"
"Austria","BTR",2024,"HazardSystem",NA
"Austria","BTR",2024,"HazardPriority","[1944 • Adaptation priorities] The strategy emphasizes protection for vulnerable groups, including low-income households, the elderly, and those in rural or high-risk areas. Tailored adaptation measures, such as targeted public hea…"
"Austria","BTR",2024,"HazardAction",NA
"Austria","BTR",2024,"HazardResult","[1961 • Result] In the water sector progress has been made regarding flood risk management and aquatic ecology."
"Austria","BTR",2024,"SystemPriority","[1933 • Adaptation priorities] Regular Progress Monitoring: Adaptation is an ongoing process, with systematic monitoring and iterative learning forming the foundation for success. Austria plans adaptation evaluations on a five-year…"
"Austria","BTR",2024,"SystemAction","[1945 • Action] In 2016, the KLAR! programme for Climate Adaptation Model Regions has been launched to support Austrian regions and municipalities in preparing for climate change by implementing adaptation measures i…"
"Austria","BTR",2024,"SystemResult","[1959 • Result] Awareness for the need of adaptation measures in agriculture is continuously increasing. A considerable share of the measures of the Austrian Agri-Environmental Programme contributed to adaptation; al…"
"Belarus","BTR",2024,"HazardSystem","[5180 • System at risk] Changes in climatic conditions directly or indirectly (through changes in groundwater levels, fires, proliferation of forest pests and aggravation of disease development) affect the condition of fores…"
"Belarus","BTR",2024,"HazardPriority","[5134 • Adaptation priorities] Restoration of lands disturbed as a result of large-scale drainage reclamation (reduction of areas with destroyed fertile soil layer, application of forest reclamation to reduce wind erosion, monitori…"
"Belarus","BTR",2024,"HazardAction",NA
"Belarus","BTR",2024,"HazardResult",NA
"Belarus","BTR",2024,"SystemPriority","[5134 • Adaptation priorities] Restoration of lands disturbed as a result of large-scale drainage reclamation (reduction of areas with destroyed fertile soil layer, application of forest reclamation to reduce wind erosion, monitori…"
"Belarus","BTR",2024,"SystemAction",NA
"Belarus","BTR",2024,"SystemResult",NA
"Belize","BTR",2024,"HazardSystem","[325 • System at risk] Prolonged heat waves will also alter the distribution of pests and diseases, further threatening crop resilience and reducing food security"
"Belize","BTR",2024,"HazardPriority",NA
"Belize","BTR",2024,"HazardAction",NA
"Belize","BTR",2024,"HazardResult",NA
"Belize","BTR",2024,"SystemPriority","[354 • Adaptation priorities] The Government of Belize aims to incorporate gender considerations by improving the collection, analysis, and reporting of gender statistics and disaggregated data through regular national surveys …"
"Belize","BTR",2024,"SystemAction",NA
"Belize","BTR",2024,"SystemResult",NA
"Bhutan","BTR",2024,"HazardSystem","[8192 • Hazard] Local dry spells to increase significantly leading to challenges in meeting growing water demand for drinking, industrial, and irrigation purposes."
"Bhutan","BTR",2024,"HazardPriority","[8207 • Adaptation priorities] Access to Resilient Seeds: Ensuring farmers have access to climate-resilient seed varieties will help them adapt to changing climatic conditions and improve yields. This includes developing and distri…"
"Bhutan","BTR",2024,"HazardAction",NA
"Bhutan","BTR",2024,"HazardResult",NA
"Bhutan","BTR",2024,"SystemPriority","[8201 • Adaptation priorities] Development of Integrated Agriculture Landscape Systems"
"Bhutan","BTR",2024,"SystemAction",NA
"Bhutan","BTR",2024,"SystemResult",NA
"Brazil","BTR",2024,"HazardSystem","[6494 • System at risk] In 2023, the level of the Acre River rose 17.55 meters and around 56,000 people in Rio Branco were affected. In that same year, an unprecedented drought and heat wave severely impacted the waters of t…"
"Brazil","BTR",2024,"HazardPriority",NA
"Brazil","BTR",2024,"HazardAction",NA
"Brazil","BTR",2024,"HazardResult",NA
"Brazil","BTR",2024,"SystemPriority",NA
"Brazil","BTR",2024,"SystemAction","[6548 • Action] Resilient Green Cities Program:The Resilient Green Cities Program (PCVR, Programa Cidades Verdes Resilientes), established in June 2024, aims to increase the environmental quality and resilience of Br…"
"Brazil","BTR",2024,"SystemResult","[6582 • Result] Progress has been made in increasing scientific knowledge about adaptation to climate change and integrating the issue into other sectoral agendas. The actions reported also indicated the alignment of…"
"Bulgaria","BTR",2024,"HazardSystem","[164 • System at risk] Climate change poses significant risks to Bulgarian agriculture, with increased frequency of extreme weather events like droughts and floods. Projections indicate rising temperatures (by 2°C to 5°C) a…"
"Bulgaria","BTR",2024,"HazardPriority","[300 • Adaptation priorities] Priorities include improving disaster risk management for floods and droughts, safeguarding critical infrastructure, promoting sustainable land use, and fostering innovation and technology"
"Bulgaria","BTR",2024,"HazardAction","[286 • Action] Strengthening pest and disease control measures to mitigate the impact of climaterelated changes on crop health"
"Bulgaria","BTR",2024,"HazardResult","[280 • Result] Improved water retention, reduced flood risks, and enhanced biodiversity, with bird species increasing from 2 to 22 and fish species rising from 2 to 10 within months of the restoration efforts"
"Bulgaria","BTR",2024,"SystemPriority","[289 • Adaptation priorities] Increasing the use of renewable energy in the electricity, heating, cooling, and transport sectors. In the transport sector, the introduction of new-generation biofuels and renewable electricity will …"
"Bulgaria","BTR",2024,"SystemAction","[285 • Action] Improving the management of existing woodland to enhance ecosystem services and carbon sequestration."
"Bulgaria","BTR",2024,"SystemResult","[280 • Result] Improved water retention, reduced flood risks, and enhanced biodiversity, with bird species increasing from 2 to 22 and fish species rising from 2 to 10 within months of the restoration efforts"
"Burkina Faso","BTR",2024,"HazardSystem","[5252 • System at risk] Since 2022, part of National Road No. 1 has been regularly flooded during the rainy season, leading to the temporary cessation of traffic between the two major cities in the country."
"Burkina Faso","BTR",2024,"HazardPriority",NA
"Burkina Faso","BTR",2024,"HazardAction",NA
"Burkina Faso","BTR",2024,"HazardResult",NA
"Burkina Faso","BTR",2024,"SystemPriority",NA
"Burkina Faso","BTR",2024,"SystemAction",NA
"Burkina Faso","BTR",2024,"SystemResult",NA
"Cambodia","BTR",2024,"HazardSystem","[540 • System at risk] Farmers are already frequently facing floods and droughts, which lower agricultural yields and threaten food security"
"Cambodia","BTR",2024,"HazardPriority","[406 • Adaptation priorities] Increasing the use of mobile pumping stations and permanent stations in responding to mini droughts"
"Cambodia","BTR",2024,"HazardAction","[534 • Action] Cambodia has developed a specific Vulnerability Index (VI) to be able to track annually the percentage and number of communes scoring as highly vulnerable or quite vulnerable to three main types of cl…"
"Cambodia","BTR",2024,"HazardResult","[594 • Result] The private sector has taken the lead in livestock production by acquiring improved breeds of animals, providing improved animal feed, and processing facilities, reducing animal diseases through vacci…"
"Cambodia","BTR",2024,"SystemPriority","[409 • Adaptation priorities] Developing climate-proof tertiarycommunity irrigation to enhance the yields from agricultural production of paddy fields"
"Cambodia","BTR",2024,"SystemAction","[532 • Action] Under support from Cambodia Climate Change Alliance (CCCA), 15 government’s ministries have developed their own Climate Change Action Plans, which proposed of 171 climate actions projects related to a…"
"Cambodia","BTR",2024,"SystemResult","[631 • Result] The Royal Government of Cambodia (RGC) committed to eliminating P. falciparum by 2023 and to eliminating other Plasmodium species by 2025, through the launch of an innovative and targeted approach for…"
"Central African Republic","BTR",2024,"HazardSystem","[5361 • System at risk] The agricultural sector has a high sensitivity to pockets of drought, flooding, a late start to the rainy season, and drought."
"Central African Republic","BTR",2024,"HazardPriority",NA
"Central African Republic","BTR",2024,"HazardAction",NA
"Central African Republic","BTR",2024,"HazardResult",NA
"Central African Republic","BTR",2024,"SystemPriority","[5380 • Adaptation priorities] Raising public awareness and building capacity"
"Central African Republic","BTR",2024,"SystemAction",NA
"Central African Republic","BTR",2024,"SystemResult",NA
"Chile","BTR",2024,"HazardSystem","[1986 • System at risk] Combined with the megadrought, heat waves have intensified the conditions for large-scale and extensive forest fires"
"Chile","BTR",2024,"HazardPriority","[2012 • Adaptation priorities] All priority sectors recognize water management as a critical priority, given Chile’s vulnerability to droughts and extreme weather events"
"Chile","BTR",2024,"HazardAction",NA
"Chile","BTR",2024,"HazardResult","[2039 • Result] Health (2016) achieved 63% progress, with key measures including the creation of a climate coordination unit and predictive studies of vector-borne diseases;"
"Chile","BTR",2024,"SystemPriority","[2013 • Adaptation priorities] The 2020 NDC establishes eight commitments in terms of adaptation and focuses on updating studies on vulnerability and risks, strengthening adaptive capacity, and integrating adaptation and mitigation…"
"Chile","BTR",2024,"SystemAction","[2024 • Action] The update of the 2013 plan has evolved towards greater specificity, prioritising integrated water resource management, agro-environmental sustainability and agro-climatic risk management, moving away…"
"Chile","BTR",2024,"SystemResult","[2037 • Result] Biodiversity (2014) reached 81% progress in its 50 measures, with notable achievements such as the national biodiversity monitoring network and the use of wetlands as indicators of watershed health;"
"China","BTR",2024,"HazardSystem",NA
"China","BTR",2024,"HazardPriority","[8939 • Adaptation priorities] By 2025, China aims to significantly enhance capabilities for flood and drought defense, secure and intensive utilization of water resources, optimized allocation of water resources, and ecological pr…"
"China","BTR",2024,"HazardAction","[8956 • Action] Pre-disaster coordination has been strengthened, and the mechanism for joint consultation, warning, and release was optimized, integrating large-scale, high-intensity, and potentially disaster-prone h…"
"China","BTR",2024,"HazardResult",NA
"China","BTR",2024,"SystemPriority","[8936 • Adaptation priorities] strategy proposed specific adaptation tasks with varying focuses based on the impacts of climate change on different regions’ livelihoods, dividing key regions in China into three main adaptation zone…"
"China","BTR",2024,"SystemAction","[8959 • Action] The Blue Book on Climate Change of China 2023, the Blue Book on Marine Climate Change of China 2022, the China Climate Bulletin (2021, and 2022), the National Eco-meteorological Bulletin 2022, the Gre…"
"China","BTR",2024,"SystemResult",NA
"Colombia","BTR",2024,"HazardSystem","[5703 • System at risk] In general, it has been identified as a trend that areas associated with dry ecosystems and desertification processes show signs of increasing water stress associated with the reduction in runoff and …"
"Colombia","BTR",2024,"HazardPriority","[5743 • Adaptation priorities] Create dynamic maps of agroclimatic risks such as frost, drought, and other phenomena, to disseminate them among agroclimatic committees."
"Colombia","BTR",2024,"HazardAction",NA
"Colombia","BTR",2024,"HazardResult",NA
"Colombia","BTR",2024,"SystemPriority","[5740 • Adaptation priorities] Development of guidelines applicable to tourism in vulnerable ecosystems."
"Colombia","BTR",2024,"SystemAction","[5754 • Action] In 2023, within the framework of the Nature-based Solutions Pilot for the Urrá Hydroelectric Plant, Córdoba: a characterization of the ecosystem services provided by the ecosystems around the Sinú Riv…"
"Colombia","BTR",2024,"SystemResult","[5762 • Result] The wastewater treatment reported by the Superintendency of Public Services (SSPD) for 2022 indicates that 55.07% of the wastewater generated has been treated, corresponding to 36.33 million cubic met…"
"Costa Rica","BTR",2024,"HazardSystem","[5845 • System at risk] Threat of entry into the country of the aggressive fungus Fusarium, which is easily spread by water, which could be aggravated by excessive rainfall and flooding."
"Costa Rica","BTR",2024,"HazardPriority",NA
"Costa Rica","BTR",2024,"HazardAction",NA
"Costa Rica","BTR",2024,"HazardResult",NA
"Costa Rica","BTR",2024,"SystemPriority","[5877 • Adaptation priorities] Knowledge management on the effects of climate change, climate services and development of local and institutional capacities: it focuses on the generation of robust and reliable information, an obj…"
"Costa Rica","BTR",2024,"SystemAction",NA
"Costa Rica","BTR",2024,"SystemResult",NA
"Croatia","BTR",2024,"HazardSystem","[763 • System at risk] Climate change can increase the likelihood of disaster events and exacerbate their intensity. The main expected impacts that could cause high or medium vulnerability in this sector are landslides, flo…"
"Croatia","BTR",2024,"HazardPriority","[765 • Adaptation priorities] Support to planning, construction, reconstruction and upgrading the system for protection against harmful effects of water and related hydrotechnical systems (structural measures) and lowland natural …"
"Croatia","BTR",2024,"HazardAction",NA
"Croatia","BTR",2024,"HazardResult",NA
"Croatia","BTR",2024,"SystemPriority","[772 • Adaptation priorities] Strengthening professional, research and management capacities for the protection of particularly valuable aquatic ecosystems"
"Croatia","BTR",2024,"SystemAction","[853 • Action] NPOO.C6.1.R5.02 call for allocation of grants for implementation of the pilot projects for the development of green infrastructure and/or circular management of space and buildings at the local level …"
"Croatia","BTR",2024,"SystemResult",NA
"Cuba","BTR",2024,"HazardSystem","[6210 • System at risk] Terrestrial and coastal reptiles, due to their high sensitivity to temperature and aridity, and certain coastal species due to the destruction of their habitats caused by rising sea levels"
"Cuba","BTR",2024,"HazardPriority","[6273 • Adaptation priorities] Ensure the availability and efficient use of water as part of the fight against drought, from the application of technologies for savings and satisfaction of the local demands. Raise the hydraulic inf…"
"Cuba","BTR",2024,"HazardAction","[6304 • Action] Identifying and obtaining Varieties with different capacities of tolerance to climatic phenomena, such as the occurrence of droughts, heavy rains or floods, as well as to the salinity and aridity of t…"
"Cuba","BTR",2024,"HazardResult","[6307 • Result] The principles of sustainable agriculture and organic farming: while fertilizer application rates and pesticides are significantly reduced, 175 thousand hectares were benefited in the 2021 and 268 tho…"
"Cuba","BTR",2024,"SystemPriority","[6271 • Adaptation priorities] Plan the urban reorganization processes of the areas within the determined timeframes threatened settlements and infrastructure, in accordance with the conditions country's economic needs. Start with …"
"Cuba","BTR",2024,"SystemAction","[6306 • Action] The most efficient irrigation technologies were implemented on 509,686 hectares, out of a total irrigated area of 627,806 hectares in 2022."
"Cuba","BTR",2024,"SystemResult","[6305 • Result] There has been released into agricultural production about 25 varieties of beans, 10 of corn, 12 of rice, 4 of sorghum, 2 of chickpeas, 62 of different root crops, 6 of sugar cane (4 of them introduce…"
"Czech Republic","BTR",2024,"HazardSystem","[5422 • System at risk] The main impacts of climate change that pose risks to forestry are rising air temperatures, particularly spring and summer temperatures, decreasing summer precipitation and increased evapotranspiratio…"
"Czech Republic","BTR",2024,"HazardPriority",NA
"Czech Republic","BTR",2024,"HazardAction",NA
"Czech Republic","BTR",2024,"HazardResult",NA
"Czech Republic","BTR",2024,"SystemPriority",NA
"Czech Republic","BTR",2024,"SystemAction",NA
"Czech Republic","BTR",2024,"SystemResult",NA
"Côte d'Ivoire","BTR",2024,"HazardSystem","[5967 • System at risk] Extreme weather events will also have devastating effects on human settlements and on economic production sites, particularly in densely populated urban areas such as Abidjan or Bouaké. The houses ma…"
"Côte d'Ivoire","BTR",2024,"HazardPriority","[5995 • Adaptation priorities] The introduction of more drought-resistant crops and crop diversification to reduce the risks associated with climate variations"
"Côte d'Ivoire","BTR",2024,"HazardAction",NA
"Côte d'Ivoire","BTR",2024,"HazardResult",NA
"Côte d'Ivoire","BTR",2024,"SystemPriority","[5995 • Adaptation priorities] The introduction of more drought-resistant crops and crop diversification to reduce the risks associated with climate variations"
"Côte d'Ivoire","BTR",2024,"SystemAction",NA
"Côte d'Ivoire","BTR",2024,"SystemResult",NA
"Ecuador","BTR",2024,"HazardSystem","[6072 • Hazard] Historical trend analysis shows an increase in precipitation in most sections of the road infrastructure with some sites where precipitation reductions occur (some sectors of the provinces of Los Ríos…"
"Ecuador","BTR",2024,"HazardPriority",NA
"Ecuador","BTR",2024,"HazardAction",NA
"Ecuador","BTR",2024,"HazardResult",NA
"Ecuador","BTR",2024,"SystemPriority",NA
"Ecuador","BTR",2024,"SystemAction",NA
"Ecuador","BTR",2024,"SystemResult",NA
"Egypt","BTR",2024,"HazardSystem","[1807 • System at risk] December 2010, January 2011, and October 2015: Storm surges reached 1.2 meters above sea level, causing coastal flooding in the Nile Delta and damage to coastal structures."
"Egypt","BTR",2024,"HazardPriority","[1780 • Adaptation priorities] The National Strategy for Integrated Coastal Zone Management (ICZM) aims to address vulnerabilities in coastal areas by mitigating the impacts of sea-level rise and preserving marine biodiversity"
"Egypt","BTR",2024,"HazardAction","[1839 • Action] Flood management plans"
"Egypt","BTR",2024,"HazardResult",NA
"Egypt","BTR",2024,"SystemPriority","[1776 • Adaptation priorities] The National Climate Change Strategy (NCCS) 2050 is under active implementation, with priority given to enhancing infrastructure resilience and scaling up renewable energy projects, while promoting ge…"
"Egypt","BTR",2024,"SystemAction","[1837 • Action] Groundwater extraction"
"Egypt","BTR",2024,"SystemResult",NA
"Estonia","BTR",2024,"HazardSystem","[1865 • System at risk] Extreme weather conditions, which may endanger human health, include storms and heavy rain (the resulting floods), which may also make vital medical assistance less accessible or even completely inacc…"
"Estonia","BTR",2024,"HazardPriority",NA
"Estonia","BTR",2024,"HazardAction","[1912 • Action] In order to increase the rescue capacity, the Rescue Board has developed the ability to monitor and extinguish forest fires from the air and has acquired and deployed 15 drones (including 7 with a the…"
"Estonia","BTR",2024,"HazardResult",NA
"Estonia","BTR",2024,"SystemPriority",NA
"Estonia","BTR",2024,"SystemAction","[1912 • Action] In order to increase the rescue capacity, the Rescue Board has developed the ability to monitor and extinguish forest fires from the air and has acquired and deployed 15 drones (including 7 with a the…"
"Estonia","BTR",2024,"SystemResult",NA
"Finland","BTR",2024,"HazardSystem","[2110 • System at risk] Drought can cause problems with water sufficiency and decreased groundwater levels can cause problems with water quality."
"Finland","BTR",2024,"HazardPriority",NA
"Finland","BTR",2024,"HazardAction","[2127 • Action] Developing risk profiles and emergency plans for various existing and emerging pests and diseases"
"Finland","BTR",2024,"HazardResult","[2136 • Result] Flood risk maps are also being produced for areas subject to potential fluvial or sea surge floods."
"Finland","BTR",2024,"SystemPriority",NA
"Finland","BTR",2024,"SystemAction","[2123 • Action] In order to stimulate forest growth, information on the use of processed forest reproductive material and new methods of forest reproduction have been developed"
"Finland","BTR",2024,"SystemResult","[2137 • Result] In the agricultural sector farmers have diversified crop rotations by introducing novel crops for cultivation, shifting cultivation of crops northwards and even substantially expanding field areas und…"
"Gabon","BTR",2024,"HazardSystem","[6087 • System at risk] In addition to these floodings, there are also significant saline intrusions, especially in dry season (between June and September), when the Ogooué is less loaded with fresh water."
"Gabon","BTR",2024,"HazardPriority","[6115 • Adaptation priorities] Develop the watersheds of Greater Libreville and the main flood-prone cities of countries, including Port-Gentil, Mouila, Lambaréné, Franceville."
"Gabon","BTR",2024,"HazardAction",NA
"Gabon","BTR",2024,"HazardResult",NA
"Gabon","BTR",2024,"SystemPriority","[6113 • Adaptation priorities] Strengthening the financing framework for adaptation and mitigation policies, based on the search for public-private partnerships, on the sustained mobilization of finance climate, in the form of resu…"
"Gabon","BTR",2024,"SystemAction",NA
"Gabon","BTR",2024,"SystemResult",NA
"Ghana","BTR",2024,"HazardSystem","[1229 • System at risk] Heat-related deaths among the elderly (65+ years) are projected to rise significantly, reaching almost 70 deaths per 100,000 by 2080, compared to an estimated baseline of fewer than 2 deaths per 100,0…"
"Ghana","BTR",2024,"HazardPriority","[1267 • Adaptation priorities] Climate-Smart Agriculture Practices: Implementing improved water management to enhance efficiency; Using drought-resistant crops to withstand climate variability; Integrating nutrient management to bo…"
"Ghana","BTR",2024,"HazardAction","[1308 • Action] Under the Ministry of Works and Housing (MWH), HSD has operated and manages primary storm drains, coordinates coastal protection works, and monitors surface water bodies concerning floods."
"Ghana","BTR",2024,"HazardResult",NA
"Ghana","BTR",2024,"SystemPriority","[1242 • Adaptation priorities] Develop Climate-resilient Agriculture and Food Security Systems"
"Ghana","BTR",2024,"SystemAction","[1266 • Action] With support from the government of the Netherlands, Ghana conducted its inaugural vulnerability assessment (VA) study in 2008 and has since been supported by other development partners such as IISD, …"
"Ghana","BTR",2024,"SystemResult","[1294 • Result] Alternative Livelihoods: Improving access to natural resources and increasing incomes, benefiting over a million people."
"Greece","BTR",2024,"HazardSystem","[1334 • System at risk] September 2023 was the month with the largest wet anomaly, which was observed in the region of Thessaly after extreme rainfall associated with the storm Daniel; this event led to an exceptional amount…"
"Greece","BTR",2024,"HazardPriority","[1366 • Adaptation priorities] Different funding streams that can provide funds for the implementation of actions that contribute to adaptation, especially in sectors of high vulnerability (i.e. agriculture, water management and fl…"
"Greece","BTR",2024,"HazardAction","[1407 • Action] A new National Committee to Combat Desertification has been established in 2021 and mandated to review and revise the National Action Plan for Combating Desertification."
"Greece","BTR",2024,"HazardResult",NA
"Greece","BTR",2024,"SystemPriority","[1364 • Adaptation priorities] Sectoral analyses of the progress in mainstreaming adaptation into the NAS’s key adaptation sectors have been drafted; Workshops to identify measures to further increase adaptation mainstreaming into …"
"Greece","BTR",2024,"SystemAction","[1407 • Action] A new National Committee to Combat Desertification has been established in 2021 and mandated to review and revise the National Action Plan for Combating Desertification."
"Greece","BTR",2024,"SystemResult","[1413 • Result] National Adaptation Observatory (NAO) will develop and operate the open-access national database of climate data and information, building on the results of ongoing activities & initiatives at a natio…"
"Guyana","BTR",2024,"HazardSystem","[2202 • System at risk] Incremental climate change and extreme events cause wildfire with the consequence that agricultural land (particularly for smallholders in the hinterland) is damaged or destroyed and food security is …"
"Guyana","BTR",2024,"HazardPriority","[2232 • Adaptation priorities] Strengthen institutional capacity of Government to manage water levels in the East Demerara Water Conservancy and to guide interventions aimed at reducing vulnerability to flooding"
"Guyana","BTR",2024,"HazardAction",NA
"Guyana","BTR",2024,"HazardResult",NA
"Guyana","BTR",2024,"SystemPriority","[2231 • Adaptation priorities] Expand current extension services to farmers to include provision of etraining (where Internet access permits) in agronomic farming practices; and continued improvement and implementation of the ‘Six-…"
"Guyana","BTR",2024,"SystemAction",NA
"Guyana","BTR",2024,"SystemResult",NA
"Honduras","BTR",2024,"HazardSystem","[6143 • Hazard] Regarding the average annual precipitation, long-term reductions are expected in all scenarios and regions (with a 10% reduction for the RCP scenario 8.5). The above implies an intensification of drou…"
"Honduras","BTR",2024,"HazardPriority","[6155 • Adaptation priorities] Reduce the incidence and number of people affected by disease vectors"
"Honduras","BTR",2024,"HazardAction","[6183 • Action] Constant monitoring of climate-sensitive diseases, incidence of vector-borne diseases and those derived from sources of water pollution"
"Honduras","BTR",2024,"HazardResult",NA
"Honduras","BTR",2024,"SystemPriority","[6154 • Adaptation priorities] Protect sources suppliers and producers of water for contribute to improving the quality and quantity of drinking water available to the population for use domestic"
"Honduras","BTR",2024,"SystemAction","[6183 • Action] Constant monitoring of climate-sensitive diseases, incidence of vector-borne diseases and those derived from sources of water pollution"
"Honduras","BTR",2024,"SystemResult",NA
"Indonesia","BTR",2024,"HazardSystem","[2620 • System at risk] Climate variability can impact the sustainability of water resources by increasing the risks of floods and droughts."
"Indonesia","BTR",2024,"HazardPriority","[2644 • Adaptation priorities] Enhancing disease surveillance"
"Indonesia","BTR",2024,"HazardAction","[2695 • Action] Genta Organik (Gerakan Tani Pro Organik), encourages farmers to independently produce and use organic fertilizers and natural pesticides. This program has been implemented in 1,020 farmer group field …"
"Indonesia","BTR",2024,"HazardResult",NA
"Indonesia","BTR",2024,"SystemPriority","[2654 • Adaptation priorities] Protection and restoration of ecosystems"
"Indonesia","BTR",2024,"SystemAction","[2703 • Action] Up until 2022, the social forestry program has distributed access rights for forest area utilization to communities covering 5.31 million hectares, 1.1 million households, with 7,644 units of decree."
"Indonesia","BTR",2024,"SystemResult","[2688 • Result] In 2022, 2,070 farming business operators have obtained access to financing through credit and funding facilitation programs"
"Ireland","BTR",2024,"HazardSystem","[2730 • Hazard] Extreme Precipitation, River Flood, Pluvial Flood, Groundwater Flood, Landslide, Drought, Agricultural and Ecological Drought"
"Ireland","BTR",2024,"HazardPriority",NA
"Ireland","BTR",2024,"HazardAction",NA
"Ireland","BTR",2024,"HazardResult",NA
"Ireland","BTR",2024,"SystemPriority",NA
"Ireland","BTR",2024,"SystemAction","[2738 • Action] Sub-nationally, in January 2018, the Irish Government established four CAROs. The four CAROs are: Atlantic Seaboard North, Atlantic Seaboard South, Dublin Metropolitan Region, and Eastern and Midlands…"
"Ireland","BTR",2024,"SystemResult","[2739 • Result] The new NAF specifies 13 actions that requires the Department of Environment, Climate and Communications and other stakeholders to address. Action 1 was completed on the 28th August with the publicati…"
"Israel","BTR",2025,"HazardSystem","[1432 • System at risk] In April 2018, a pre-military preparatory school, consisting of youth between the ages of 17- 18, lost 10 participants. This disaster was a result of an intense flash flood that occurred where they we…"
"Israel","BTR",2025,"HazardPriority",NA
"Israel","BTR",2025,"HazardAction","[1447 • Action] Government resolution 1091: ""National plan to deal with forest fires, groves and open areas"", February 2022 . This resolution focuses on mitigating the risks of forest fires, an essential goal conside…"
"Israel","BTR",2025,"HazardResult",NA
"Israel","BTR",2025,"SystemPriority","[1435 • Adaptation priorities] In the implementation of the National Adaptation Plan, vulnerable populations are to be addressed by ensuring adaptability for all sectors of society"
"Israel","BTR",2025,"SystemAction","[1445 • Action] Government resolution 4079: ""Israel's Preparedness for Adaptation to Climate Change"", July 2018 . [94] The goal is to reach a high level of preparedness for the effects of a changing climate, reduce t…"
"Israel","BTR",2025,"SystemResult",NA
"Italy","BTR",2024,"HazardSystem",NA
"Italy","BTR",2024,"HazardPriority",NA
"Italy","BTR",2024,"HazardAction","[1471 • Action] In 2021, a funding Programme for urban adaptation was launched by the Ministry for Environment and energy Security. This Programme is aimed at increasing the resilience of cities to the risks of clima…"
"Italy","BTR",2024,"HazardResult",NA
"Italy","BTR",2024,"SystemPriority",NA
"Italy","BTR",2024,"SystemAction","[1474 • Action] In 2022, the MASE in collaboration with ISPRA has launched the National Adaptation Platform64 which intends to foster the exchange of information between the Central Administration, Local Authorities …"
"Italy","BTR",2024,"SystemResult",NA
"Kazakhstan","BTR",2024,"HazardSystem","[2759 • System at risk] Warming in Kazakhstan is projected to occur faster than the global average, with temperatures expected to rise by 1.6 °C to 5.3 °C by the 2090s19. These changes amplify the risks of heat stress for th…"
"Kazakhstan","BTR",2024,"HazardPriority","[2830 • Adaptation priorities] Upgrading infrastructure to prevent and alleviate increasing risks of floods and droughts"
"Kazakhstan","BTR",2024,"HazardAction",NA
"Kazakhstan","BTR",2024,"HazardResult",NA
"Kazakhstan","BTR",2024,"SystemPriority","[2836 • Adaptation priorities] Increasing the forest cover of water bodies’ catchment areas is planned as one of the measures to reduce the shortage of water resources."
"Kazakhstan","BTR",2024,"SystemAction","[2827 • Action] Preventing overgrazing, and ensuring sustainable management and protection of pastures"
"Kazakhstan","BTR",2024,"SystemResult",NA
"Kenya","BTR",2024,"HazardSystem","[7520 • System at risk] The 2008 – 2011 drought is estimated to have cost Kenya USD12.1 billion, including USD 805.6 million for the destruction of physical and durable assets"
"Kenya","BTR",2024,"HazardPriority","[7601 • Adaptation priorities] Drought risk management, including drought early warning, preparedness, and response for enhanced drought resilience"
"Kenya","BTR",2024,"HazardAction","[7669 • Action] The Government operationalized the National Drought Emergency Fund (NDEF), and gazetted and sensitized the members of the County Drought and Food Security Committees (CDFSC) for county level coordinat…"
"Kenya","BTR",2024,"HazardResult","[7764 • Result] Awareness and sensitization programmes on water use efficiency continued to be implemented across counties for the purpose of enhancing water harvesting and conservation. Regular inspection of water q…"
"Kenya","BTR",2024,"SystemPriority","[7603 • Adaptation priorities] Mainstream CSA towards increased productivity through value chain approach to support the transformation of agriculture (crops, livestock and fisheries) into an innovative, commercially oriented, comp…"
"Kenya","BTR",2024,"SystemAction","[7669 • Action] The Government operationalized the National Drought Emergency Fund (NDEF), and gazetted and sensitized the members of the County Drought and Food Security Committees (CDFSC) for county level coordinat…"
"Kenya","BTR",2024,"SystemResult","[7762 • Result] In the coast of Kenya, over 600 Ha of mangrove forests were either planted or rehabilitated to protect the coastline and sustain ecosystem services for the coastal communities; this is key for their l…"
"Latvia","BTR",2024,"HazardSystem","[1505 • System at risk] Damage to buildings on the sea coast and estuaries (due to coastal erosion and flooding)"
"Latvia","BTR",2024,"HazardPriority","[1589 • Adaptation priorities] Establishment of a control system for limiting the spread of foreign invasive species, harmful substances and pathogenic organisms"
"Latvia","BTR",2024,"HazardAction","[1599 • Action] The EPG2027 is a medium-term policy planning document for the environmental protection sector. It is developed in accordance with the NDP 2027 and the strategic objectives of the European Green Deal. …"
"Latvia","BTR",2024,"HazardResult",NA
"Latvia","BTR",2024,"SystemPriority","[1588 • Adaptation priorities] Reduction of the negative impacts of climate change in ecosystems and preservation and restoration of biodiversity of species"
"Latvia","BTR",2024,"SystemAction","[1487 • Action] 14 cities and counties have developed Sustainable Energy and Climate Action Plans. These plans are consistent with National plans and strategies."
"Latvia","BTR",2024,"SystemResult","[1611 • Result] In the report “Past and future climate change in Latvia” LEGMC has analysed past climate change in Latvia and developed climate change scenarios for Latvia for the period until the year 2100"
"Lebanon","BTR",2024,"HazardSystem","[1662 • System at risk] The heatwaves of 2007 and 2010 caused temperatures to spike above 40°C for extended periods, leading to widespread forest fires and agricultural losses."
"Lebanon","BTR",2024,"HazardPriority","[1744 • Adaptation priorities] Lebanon’s National Biodiversity Strategy and Action Plan (NBSAP) 2016-2030 integrates ecosystem-based adaptation (EbA) to address climate vulnerabilities by leveraging natural ecosystems to reduce ris…"
"Lebanon","BTR",2024,"HazardAction","[1738 • Action] Watershed management plans are being developed for drought-prone regions, integrating water considerations into urban and rural land-use planning"
"Lebanon","BTR",2024,"HazardResult","[1750 • Result] 148 adaptation actions have been identified, reflecting Lebanon’s sectoral vulnerabilities, such as water scarcity exacerbated by inefficient irrigation, public health risks linked to climate-induced …"
"Lebanon","BTR",2024,"SystemPriority","[1744 • Adaptation priorities] Lebanon’s National Biodiversity Strategy and Action Plan (NBSAP) 2016-2030 integrates ecosystem-based adaptation (EbA) to address climate vulnerabilities by leveraging natural ecosystems to reduce ris…"
"Lebanon","BTR",2024,"SystemAction","[1742 • Action] The National Forest Program (2015-2025) integrates climate change adaptation into forestry management, promoting ecosystem resilience and sustainable forest management practices to mitigate the effect…"
"Lebanon","BTR",2024,"SystemResult","[1749 • Result] The development of Lebanon’s National Adaptation Strategy (NAS) and National Adaptation Plan (NAP) under the GCF NAP readiness project is contributing to advancing analysis of progress through the ass…"
"Lithuania","BTR",2024,"HazardSystem","[2875 • System at risk] Increase in diseases and pests"
"Lithuania","BTR",2024,"HazardPriority","[2898 • Adaptation priorities] To apply flood protection measures to all residents in flood-prone areas"
"Lithuania","BTR",2024,"HazardAction","[2909 • Action] As part of the implementation of the first Flood Risk Management Plan, the Water Management Program 2017–2023 and the Action Implementation Plan 2017–2023, a wide range of engineering and nonstructura…"
"Lithuania","BTR",2024,"HazardResult",NA
"Lithuania","BTR",2024,"SystemPriority","[2900 • Adaptation priorities] The proportion of dangerous, natural disasters and catastrophic meteorological events predicted is at least 90 % of the actual events."
"Lithuania","BTR",2024,"SystemAction","[2912 • Action] Workshops and stakeholder seminars were organized to facilitate discussions with municipal administration representatives and local stakeholders, including community groups and sectoral experts. Durin…"
"Lithuania","BTR",2024,"SystemResult",NA
"Luxembourg","BTR",2025,"HazardSystem","[3120 • System at risk] The risk of flooding is the most present natural risk in Luxembourg that could affect a large number of people and cause the most economic damage"
"Luxembourg","BTR",2025,"HazardPriority",NA
"Luxembourg","BTR",2025,"HazardAction",NA
"Luxembourg","BTR",2025,"HazardResult",NA
"Luxembourg","BTR",2025,"SystemPriority",NA
"Luxembourg","BTR",2025,"SystemAction",NA
"Luxembourg","BTR",2025,"SystemResult",NA
"Maldives","BTR",2024,"HazardSystem","[2971 • System at risk] On 14 May 2021, when torrential rain, strong gusts of wind, and tidal surges caused significant damage to the airport terminal, runway, and connecting causeway in HA. Hoarafushi island, halting airpor…"
"Maldives","BTR",2024,"HazardPriority","[2993 • Adaptation priorities] There is a need to collect comprehensive elevation data for future development projects to assess the impacts of sea-level rise effectively"
"Maldives","BTR",2024,"HazardAction","[3005 • Action] MMS, in coordination with the HPA, issues public health alerts on extreme heat and related health hazards through the Common Alert Protocols. For instance, on 12 March 2024, public health warnings and…"
"Maldives","BTR",2024,"HazardResult",NA
"Maldives","BTR",2024,"SystemPriority","[2952 • Adaptation priorities] Implementation and promotion of contract farming and programmes to produce crops to enhance food security by reducing the dependence on agricultural imports, thus decreasing the vulnerability to shock…"
"Maldives","BTR",2024,"SystemAction","[3068 • Action] An ongoing project Enhancing Sustainable Climate Adaptation PracticEs (ESCAPE) supported by the USAID Climate Adaptation Project (CAP) aims to carry out research to develop a set of designs and guidel…"
"Maldives","BTR",2024,"SystemResult","[3067 • Result] In 2021, the Ministry of Tourism initiated a Re-imagining Tourism project (UNDP, 2021) to enhance sustainable tourism in Laamu Atoll and the Maldives, partnering with MCCEE and UNDP. The project inclu…"
"Malta","BTR",2024,"HazardSystem","[3380 • System at risk] Malta faces water scarcity due to its semi-arid Mediterranean climate, limited rainfall, and reliance on groundwater, which is affected by nitrate pollution and seawater intrusion. Climate change exac…"
"Malta","BTR",2024,"HazardPriority",NA
"Malta","BTR",2024,"HazardAction","[3390 • Action] Studies to identify new areas for water catchment infrastructure. This study set out to identify areas where reservoirs and retention systems can be developed (preferably located within the urban cont…"
"Malta","BTR",2024,"HazardResult",NA
"Malta","BTR",2024,"SystemPriority",NA
"Malta","BTR",2024,"SystemAction","[3386 • Action] A comprehensive study of the current hydrological cycle monitoring capacity and new hydrological data modelling and management. This measure involves a study which aims to better understand the hydrol…"
"Malta","BTR",2024,"SystemResult",NA
"Mauritius","BTR",2024,"HazardSystem","[3432 • System at risk] Reduced food security through: Lower total catch size, Increased toxicity of fish catch (algae related), and - Cyclones preventing fishermen going to sea and destroying boats and equipment"
"Mauritius","BTR",2024,"HazardPriority","[3458 • Adaptation priorities] Devising strategies and policies to facilitate the uptake of Integrated Pest and Disease Management (IPDM) practices"
"Mauritius","BTR",2024,"HazardAction",NA
"Mauritius","BTR",2024,"HazardResult",NA
"Mauritius","BTR",2024,"SystemPriority","[3446 • Adaptation priorities] Mauritius is in the process of developing a comprehensive and cross-cutting National Adaptation Plan. Mauritius intends to develop complete and comprehensive vulnerability assessments across the ident…"
"Mauritius","BTR",2024,"SystemAction",NA
"Mauritius","BTR",2024,"SystemResult","[3470 • Result] The MauRegistry is an effective tracking tool. Developed as an online platform to track NDC action plan, it will be used for monitoring and evaluation of adaptation actions and effectiveness of proces…"
"Mexico","BTR",2024,"HazardSystem","[6332 • System at risk] In 2021, hydrometeorological phenomena, mainly tropical cyclones, severe rains and floods affected 196 municipalities in the country, of which 31.1% have a high degree of arginalization, while 10.8% …"
"Mexico","BTR",2024,"HazardPriority","[6335 • Adaptation priorities] Reduce the impacts on the human health of the population due to effects and diseases (dengue, heat stroke, among others) others) related to climate change"
"Mexico","BTR",2024,"HazardAction",NA
"Mexico","BTR",2024,"HazardResult",NA
"Mexico","BTR",2024,"SystemPriority","[6347 • Adaptation priorities] Reverse degradation, loss and pollution of ecosystems natural in order to reduce the vulnerability of the population and biodiversity in the face of effects of climate change, through Payment for Serv…"
"Mexico","BTR",2024,"SystemAction","[6348 • Action] The Government of Mexico promotes good practices management and active conservation in the country's forest ecosystems through Payment for Environmental Services (PES) to owners and possessors of fore…"
"Mexico","BTR",2024,"SystemResult","[6349 • Result] Through the National Forestry Commission (CONAFOR) in 2022, 221 projects were benefited, of which 92% correspond to ejidos and communities, and 8% to small landowners forest lands with voluntary commi…"
"Moldova","BTR",NA,"HazardSystem","[4083 • System at risk] In 2020 and 2022, a persistent lack of precipitation affected large parts of the RoM, together with higher-thanaverage temperatures, lead to a severe-to-extreme drought with highest registered negativ…"
"Moldova","BTR",NA,"HazardPriority","[4174 • Adaptation priorities] Development of varieties and hybrids resistant to drought and heat"
"Moldova","BTR",NA,"HazardAction",NA
"Moldova","BTR",NA,"HazardResult","[4167 • Result] From the 50 thousand ha of land envisaged to be protected by robust anti-erosion strips as provided in the Action Plan, over the 2013-2018 period, protected agricultural area increased by only 1,020 h…"
"Moldova","BTR",NA,"SystemPriority","[4160 • Adaptation priorities] Supporting use of renewable energy sources within agricultural holdings, including use of plant residue and animal waste"
"Moldova","BTR",NA,"SystemAction","[4162 • Action] The program of measures of the first cycle of the Dniester River Basin District Management Plan (2017-2022)155 focuses on improving the legal and informational framework in the field of water, but als…"
"Moldova","BTR",NA,"SystemResult","[4163 • Result] The program of measures of the first cycle of the Dniester River Basin District Management Plan (2017-2022)155 focuses on improving the legal and informational framework in the field of water, but als…"
"Monaco","BTR",2025,"HazardSystem","[6359 • System at risk] The increasing presence of Aedes mosquitoes, vectors of diseases such as dengue and chikungunya, is another manifestation of climate impacts. These Mosquitoes proliferate in warmer and more humid clim…"
"Monaco","BTR",2025,"HazardPriority","[6448 • Adaptation priorities] To protect the population from the effects of extreme heat"
"Monaco","BTR",2025,"HazardAction","[6435 • Action] Development of two urban heat networks"
"Monaco","BTR",2025,"HazardResult",NA
"Monaco","BTR",2025,"SystemPriority","[6430 • Adaptation priorities] Implementation of subsidies and labels for encourage energy audits of buildings."
"Monaco","BTR",2025,"SystemAction","[6452 • Action] In 2017, in order to support the Principality's energy transition towards its autonomy by 2025, the Prince's Government and SMEG have created the MER company. This initiative aims to diversify the sou…"
"Monaco","BTR",2025,"SystemResult","[6453 • Result] In 2022, nearly 77% of Monaco's electricity consumption came from sources renewables, with MER playing a central role in this evolution."
"Montenegro","BTR",2024,"HazardSystem","[3540 • System at risk] Reducing precipitation reduces the available water and reduces its level in coastal wetlands, while on the other hand, flooding leads to significant economic damage and intensifies erosion processes"
"Montenegro","BTR",2024,"HazardPriority","[3549 • Adaptation priorities] A number of technical measures were also taken to protect against sea level rise and control erosion, as well as to improve the system of early warning and warnings of floods and storms"
"Montenegro","BTR",2024,"HazardAction",NA
"Montenegro","BTR",2024,"HazardResult",NA
"Montenegro","BTR",2024,"SystemPriority","[3564 • Adaptation priorities] Improvement of the planning process and improvement and development of water supply and sewerage system infrastructure"
"Montenegro","BTR",2024,"SystemAction","[3594 • Action] A proposal for the Forest and Forestry Development Strategy of Montenegro for the period 2025-2030 was drafted. This Strategy defines the conservation and strengthening of forests' capacity for resili…"
"Montenegro","BTR",2024,"SystemResult",NA
"Morocco","BTR",2024,"HazardSystem","[6940 • System at risk] Landslides could cause damage to structures and infrastructure, disrupt waterways with displaced materials, affect the quality and water availability, and alter the geological structure of the subsoil…"
"Morocco","BTR",2024,"HazardPriority","[6944 • Adaptation priorities] Sustainable management of water resources: Water management is essential to make in the face of the scarcity of water resources, aggravated by droughts and climate change. This involves adopting water…"
"Morocco","BTR",2024,"HazardAction",NA
"Morocco","BTR",2024,"HazardResult","[6965 • Result] Implementation of an integrated pilot system to support flood risk management in four pilot areas, including the city of Mohammedia, the Province of Kenitra, the Ourika Valley and the province of Guel…"
"Morocco","BTR",2024,"SystemPriority","[6944 • Adaptation priorities] Sustainable management of water resources: Water management is essential to make in the face of the scarcity of water resources, aggravated by droughts and climate change. This involves adopting water…"
"Morocco","BTR",2024,"SystemAction","[6969 • Action] Extension of irrigation"
"Morocco","BTR",2024,"SystemResult","[6965 • Result] Implementation of an integrated pilot system to support flood risk management in four pilot areas, including the city of Mohammedia, the Province of Kenitra, the Ourika Valley and the province of Guel…"
"Namibia","BTR",2024,"HazardSystem","[894 • System at risk] Reduced and inconsistent rainfall has led to prolonged droughts, severely affecting crop yields and pasture availability. Conversely, occasional intense rainfall events have caused flooding, soil eros…"
"Namibia","BTR",2024,"HazardPriority","[987 • Adaptation priorities] Improve disease management"
"Namibia","BTR",2024,"HazardAction",NA
"Namibia","BTR",2024,"HazardResult","[1008 • Result] In agriculture, climate-smart farming practices introduced through internationally supported projects have shown promise in improving crop yields and enhancing food security in areas affected by droug…"
"Namibia","BTR",2024,"SystemPriority","[989 • Adaptation priorities] Education, training and public awareness"
"Namibia","BTR",2024,"SystemAction",NA
"Namibia","BTR",2024,"SystemResult","[1008 • Result] In agriculture, climate-smart farming practices introduced through internationally supported projects have shown promise in improving crop yields and enhancing food security in areas affected by droug…"
"Nepal","BTR",2025,"HazardSystem","[3898 • System at risk] Rural and urban settlements face heightened risks from floods, landslides, and extreme weather, worsened by unplanned urbanization and inadequate infrastructure."
"Nepal","BTR",2025,"HazardPriority","[3919 • Adaptation priorities] Disaster Preparedness: Reducing community vulnerability to floods, landslides, and extreme weather."
"Nepal","BTR",2025,"HazardAction","[4036 • Action] Updated building codes for seismic and flood-resilient infrastructure"
"Nepal","BTR",2025,"HazardResult","[3998 • Result] 66 flood warning systems operational across major river basins"
"Nepal","BTR",2025,"SystemPriority","[4023 • Adaptation priorities] Improving Resilience of Water Supply Infrastructure"
"Nepal","BTR",2025,"SystemAction","[4027 • Action] Development of the Bipad Portal: A disaster management information system consolidating hazard, risk, and vulnerability data."
"Nepal","BTR",2025,"SystemResult","[4024 • Result] 88% of households has sufficient water availability."
"Nigeria","BTR",2024,"HazardSystem",NA
"Nigeria","BTR",2024,"HazardPriority","[1015 • Adaptation priorities] Increase access to drought resistant crops and livestock feeds; adopt better management practices."
"Nigeria","BTR",2024,"HazardAction",NA
"Nigeria","BTR",2024,"HazardResult",NA
"Nigeria","BTR",2024,"SystemPriority","[1017 • Adaptation priorities] Intensify programmes to survey water quality and quantity for both ground and surface water"
"Nigeria","BTR",2024,"SystemAction",NA
"Nigeria","BTR",2024,"SystemResult",NA
"Norway","BTR",2025,"HazardSystem","[3660 • System at risk] More precipitation, especially over short periods of time, increases the risk of stormwater and of more frequent and extensive rainwater flooding. Periods of heavy precipitation may result in more lan…"
"Norway","BTR",2025,"HazardPriority","[3680 • Adaptation priorities] Handling stormwater in cities and towns"
"Norway","BTR",2025,"HazardAction","[3699 • Action] As a follow-up on the measures proposed in the Storm Water report presented in 2015 (NOU 2015: 16), the Government has made changes in the Planning and Building Act regarding regulation for stormwater…"
"Norway","BTR",2025,"HazardResult",NA
"Norway","BTR",2025,"SystemPriority","[3684 • Adaptation priorities] Safeguard Sami interests and use indigenous peoples’ knowledge in climate change adaptation efforts"
"Norway","BTR",2025,"SystemAction","[3689 • Action] The web-based information portal klimatilpasning.no was established in 2008. The portal supports the Norwegian society in preparing for the consequences of climate change."
"Norway","BTR",2025,"SystemResult",NA
"Panama","BTR",2024,"HazardSystem","[6603 • System at risk] Risk of drought and alteration of the hydrological regime"
"Panama","BTR",2024,"HazardPriority","[6650 • Adaptation priorities] Implement measures to protect public health climate impacts, such as waves of heat, transmitted diseases by vectors and climatic events extremes."
"Panama","BTR",2024,"HazardAction",NA
"Panama","BTR",2024,"HazardResult",NA
"Panama","BTR",2024,"SystemPriority","[6639 • Adaptation priorities] By 2025, an agroclimatic information system will have been created for the Agricultural Sector, from the establishment of hydro and agrometeorological stations, a climate data center and the launching…"
"Panama","BTR",2024,"SystemAction",NA
"Panama","BTR",2024,"SystemResult",NA
"Paraguay","BTR",2024,"HazardSystem","[6717 • System at risk] Wetlands, such as those of the Pantanal and the riparian areas of the Paraguay River, are particularly at risk due to prolonged droughts. These ecosystems are home to a large number of endemic species…"
"Paraguay","BTR",2024,"HazardPriority","[6735 • Adaptation priorities] It is still necessary to advance in research for development of varieties of agricultural species and improved forestry genetics, with greater tolerance to droughts and climatic variability"
"Paraguay","BTR",2024,"HazardAction","[6723 • Action] Efforts are being made to have an analysis of the vulnerability of the health system front to climate risks more relevant, such as waves of heat, droughts, intense rains, floods and storms, identifyin…"
"Paraguay","BTR",2024,"HazardResult",NA
"Paraguay","BTR",2024,"SystemPriority","[6735 • Adaptation priorities] It is still necessary to advance in research for development of varieties of agricultural species and improved forestry genetics, with greater tolerance to droughts and climatic variability"
"Paraguay","BTR",2024,"SystemAction","[6725 • Action] Progress is highlighted significant in forest restoration and service training environmental, integrating transverse axes such as the participation of indigenous people."
"Paraguay","BTR",2024,"SystemResult","[6751 • Result] Advances in the installation of systems for water and transport monitoring."
"Peru","BTR",2024,"HazardSystem","[6763 • Hazard] For precipitation, the scenario projects an annual reduction in most of the national territory, with the exception of the north coast, where there would be an increase in intensity in the range of 30 …"
"Peru","BTR",2024,"HazardPriority","[6813 • Adaptation priorities] Reduce the vulnerability of the population to the dangers associated with climate change through: (i) access to epidemiological information that incorporates climate scenarios; and ii) the transfer of…"
"Peru","BTR",2024,"HazardAction","[6843 • Action] Integrated pest and disease management in crops and preventive management of diseases in breeding, with greater vulnerability to climate change."
"Peru","BTR",2024,"HazardResult","[6839 • Result] Guano is offered at a social price, mainly to small farmers and native communities to contribute to resilience and agricultural sustainability in the face of pests and extreme weather events."
"Peru","BTR",2024,"SystemPriority","[6814 • Adaptation priorities] Adapt health services to the occurrence of hazards associated with change climate change through the implementation of preventive and response strategies, in such a way that health coverage and servic…"
"Peru","BTR",2024,"SystemAction","[6843 • Action] Integrated pest and disease management in crops and preventive management of diseases in breeding, with greater vulnerability to climate change."
"Peru","BTR",2024,"SystemResult","[6836 • Result] Of the 37 reporting EPS, 3 have a valid approved PMACC, 5 are in the process of being formulated, and 7 are being updated. In addition, 23 EPS have planned to formulate or update their PMACCs in 2024;…"
"Phillipines","BTR",NA,"HazardSystem","[1097 • System at risk] The financial ramifications of the 2020 tropical cyclone season were significant. Damage to infrastructure and agriculture totaled USD 891.14 million (PHP 44.22 billion), with infrastructure bearing t…"
"Phillipines","BTR",NA,"HazardPriority","[1131 • Adaptation priorities] Strengthen water, sanitation, and hygiene (WASH) protocols and prioritize access to health services in post-disaster and makeshift areas. Enhance and expand concrete actions to improve WASH, while ens…"
"Phillipines","BTR",NA,"HazardAction",NA
"Phillipines","BTR",NA,"HazardResult",NA
"Phillipines","BTR",NA,"SystemPriority","[1104 • Adaptation priorities] Strengthen infrastructure resilience. All critical infrastructure must be strengthened to withstand the impacts of climate change and its extremes and to ensure the sustainability of the systems cruci…"
"Phillipines","BTR",NA,"SystemAction",NA
"Phillipines","BTR",NA,"SystemResult",NA
"Poland","BTR",2024,"HazardSystem","[3733 • System at risk] When wind strength increases, storms may occur on the Baltic Sea, causing coastal damage (cliff subsidence, beach loss, damage to biotechnical buildings) and flooding at river mouths caused by backwat…"
"Poland","BTR",2024,"HazardPriority","[3796 • Adaptation priorities] Improving flood protection through the implementation of both non-technical and technical investments"
"Poland","BTR",2024,"HazardAction","[3804 • Action] Investments contributing to the protection of the environment and the climate (watering holes for animals, installations to improve ventilation or lower the temperature in livestock buildings, hail ne…"
"Poland","BTR",2024,"HazardResult","[3850 • Result] Flood hazard maps and flood risk maps as well as flood risk management plans (FRMP) have been developed to reduce the potential negative impacts of floods"
"Poland","BTR",2024,"SystemPriority","[3797 • Adaptation priorities] Taking measures to ensure that Polish citizens have access to healthy, cheap drinking water"
"Poland","BTR",2024,"SystemAction","[3808 • Action] Implementation of ecoschemes: (carbon farming and nutrient management, water retention on permanent grassland, land taken out of production, including land taken out of production involving establishe…"
"Poland","BTR",2024,"SystemResult","[3845 • Result] The extent to which climate change adaptation has been integrated into the actions of the different sectors varies widely. Most action has been taken at government level in the energy and environment …"
"Portugal","BTR",2024,"HazardSystem","[4212 • System at risk] The rise in temperature and the prolonged periods of drought are also likely to be responsible for the increase in the number of rural fires, especially the number of large forest fires (>= 10,000 ha)…"
"Portugal","BTR",2024,"HazardPriority","[4266 • Adaptation priorities] In addition to fire protection measures, the region has been carrying out remedial work on river basins, especially in areas with a higher risk of erosion and landslides, strengthening the protection …"
"Portugal","BTR",2024,"HazardAction",NA
"Portugal","BTR",2024,"HazardResult",NA
"Portugal","BTR",2024,"SystemPriority","[4266 • Adaptation priorities] In addition to fire protection measures, the region has been carrying out remedial work on river basins, especially in areas with a higher risk of erosion and landslides, strengthening the protection …"
"Portugal","BTR",2024,"SystemAction","[4265 • Action] In an area previously occupied by highly flammable species such as eucalyptus and acacia, more fireresistant native species have been planted, helping to restore biodiversity and create a more fireres…"
"Portugal","BTR",2024,"SystemResult",NA
"Russia","BTR",NA,"HazardSystem","[7011 • System at risk] The impact of climatic factors on the healthcare system in the Russian Federation includes the impact on the health of the population, the level of morbidity and mortality (negative impact on the cour…"
"Russia","BTR",NA,"HazardPriority",NA
"Russia","BTR",NA,"HazardAction",NA
"Russia","BTR",NA,"HazardResult",NA
"Russia","BTR",NA,"SystemPriority","[7066 • Adaptation priorities] Timely identification and assessment of climate change-related threats to sustainable development development and security of the Russian Federation, including threats to defense capability, the econo…"
"Russia","BTR",NA,"SystemAction","[7067 • Action] A methodological base in the field of adaptation has been formed, including a unified methodology for assessing climate risks, ranking measures for adaptation to these risks, and development of adapta…"
"Russia","BTR",NA,"SystemResult",NA
"Rwanda","BTR",2024,"HazardSystem","[42 • System at risk] Damage to crops, roads, and agricultural infrastructure; degraded agricultural lands; and loss of livestock from heavy rainfall, flooding, landslides, and soil erosion"
"Rwanda","BTR",2024,"HazardPriority","[85 • Adaptation priorities] Disease prevention, diagnostic, surveillance and control"
"Rwanda","BTR",2024,"HazardAction",NA
"Rwanda","BTR",2024,"HazardResult","[102 • Result] From 2018 to 2023, Rwanda's agriculture sector achieved significant progress in adaptation activities, particularly through the adoption of improved agricultural practices such as soil erosion control…"
"Rwanda","BTR",2024,"SystemPriority","[83 • Adaptation priorities] Developing climate-resilient crops and promoting climate-resilient livestock"
"Rwanda","BTR",2024,"SystemAction","[73 • Action] In 2023, GIZ in partnership with MoE initiated a new template ‘’ Rwanda NDC Finance Flow’ to track the information on financial flows for mitigation and adaptation initiative in Rwanda. The tool allow…"
"Rwanda","BTR",2024,"SystemResult","[98 • Result] Promoting climate-smart agriculture (support watershed management, agricultural inputs including improved climate resilience seeds, compost fertilisers and capacity building for farmers)"
"Serbia","BTR",2024,"HazardSystem","[4295 • System at risk] More than half of the areas reforested between 2019 and 2022, whose afforestation was founded through subsidies by the Forestry Directorate, have withered due to unfavourable weather conditions (water…"
"Serbia","BTR",2024,"HazardPriority","[4323 • Adaptation priorities] Increasing the total amount of subsidies for anti-hail nets, shading nets, and frost protection systems, as well as for the construction and adjustment of facilities for livestock housing to address i…"
"Serbia","BTR",2024,"HazardAction",NA
"Serbia","BTR",2024,"HazardResult",NA
"Serbia","BTR",2024,"SystemPriority","[4294 • Adaptation priorities] Adopting new practices in agricultural sector is necessary to increase resilience to climate change and mitigate negative impacts on soil, water and air"
"Serbia","BTR",2024,"SystemAction",NA
"Serbia","BTR",2024,"SystemResult","[4387 • Result] Preparation of Scientific Reports: Between 2020 and 2022, specialized reports were developed on climate change impacts, sectoral vulnerabilities and risks, and gaps, providing recommendations for next…"
"Seychelles","BTR",2025,"HazardSystem","[3295 • System at risk] From a social and environmental perspective, many communities in Seychelles rely on healthy coastal ecosystems for fishing and tourism, and climate-induced degradation threatens these livelihoods. The…"
"Seychelles","BTR",2025,"HazardPriority","[3322 • Adaptation priorities] Establishing permanent monitoring plots to track invasive species and climate indicators"
"Seychelles","BTR",2025,"HazardAction","[3212 • Action] In response to escalating flood risks, the Flood Free Seychelles initiative was launched in 2022 as a critical extension of the Flood Free Victoria Project."
"Seychelles","BTR",2025,"HazardResult","[3267 • Result] Several farmers have successfully diversified their production systems, incorporating agroforestry approaches that provide better resilience against both climate extremes and emerging pest pressures."
"Seychelles","BTR",2025,"SystemPriority","[3324 • Adaptation priorities] The incorporation of advanced technologies (e.g., use of passive acoustic monitoring devices, miniature trackers, thermal cameras) for biodiversity monitoring would significantly enhance these efforts"
"Seychelles","BTR",2025,"SystemAction","[3308 • Action] The small island nation is developing a robust policy framework, anchored on the draft Blue Carbon Policy (2024), which provides comprehensive guidance for conserving these ecosystems while creating a…"
"Seychelles","BTR",2025,"SystemResult","[3213 • Result] The raising of the La Gogue Dam has increased its storage capacity by 60%."
"Slovakia","BTR",2024,"HazardSystem","[4527 • System at risk] Summer tourism in the southern parts of the Slovak Republic : drought may affect summer water sports"
"Slovakia","BTR",2024,"HazardPriority",NA
"Slovakia","BTR",2024,"HazardAction",NA
"Slovakia","BTR",2024,"HazardResult",NA
"Slovakia","BTR",2024,"SystemPriority","[4565 • Adaptation priorities] Raising public awareness and building knowledge for adaptation: • Promote public-private dialogue and awareness, training and education. • Establish an official web portal among others for verified in…"
"Slovakia","BTR",2024,"SystemAction",NA
"Slovakia","BTR",2024,"SystemResult",NA
"Slovenia","BTR",2025,"HazardSystem","[4590 • System at risk] An additional risk is the rise of ""flash droughts"" in summer, which rapidly develop during heatwaves and severely impact crop yields."
"Slovenia","BTR",2025,"HazardPriority","[4606 • Adaptation priorities] Expanding flood protection"
"Slovenia","BTR",2025,"HazardAction","[4624 • Action] Several new projects are currently under way, including the construction of 1.2 km of forest fire roads, 40.4 km of fire-break paths, four helicopter landing areas for emergency response outside airpo…"
"Slovenia","BTR",2025,"HazardResult",NA
"Slovenia","BTR",2025,"SystemPriority","[4605 • Adaptation priorities] Improving water resource management"
"Slovenia","BTR",2025,"SystemAction","[4624 • Action] Several new projects are currently under way, including the construction of 1.2 km of forest fire roads, 40.4 km of fire-break paths, four helicopter landing areas for emergency response outside airpo…"
"Slovenia","BTR",2025,"SystemResult",NA
"South Africa","BTR",2024,"HazardSystem","[8516 • Hazard] Further evidence shows that South Africa has been warming at 1.5-times the global warming rate (Wolski, P. 2019)."
"South Africa","BTR",2024,"HazardPriority","[8705 • Adaptation priorities] Early Warning Systems and Surveillance: • Strategy: Develop and implement early warning systems for extreme weather events, vector-borne diseases, and heatwaves"
"South Africa","BTR",2024,"HazardAction","[8669 • Action] • Research and innovation: The ARC together with academia and other research institutions in South Africa is investing in research and development to create climate-resilient crop varieties, livestock…"
"South Africa","BTR",2024,"HazardResult","[8685 • Result] Act No. 13 of 2023: National Veld and Forest Fire Amendment, Act 2023."
"South Africa","BTR",2024,"SystemPriority","[8657 • Adaptation priorities] Intervention 5 of the NCCAS aims to “promote research application, technology development, transfer and adoption to support planning and implementation” to deliver “increased research output and techn…"
"South Africa","BTR",2024,"SystemAction","[8507 • Action] The National Climate Change Adaptation Strategy (NCCAS) serves as the country’s National Adaptation Plan (NAP). It outlines a vision for adapting to and building climate resilience against climate cha…"
"South Africa","BTR",2024,"SystemResult","[8673 • Result] • Draft Conservation Agriculture Policy (2022): To promote and establish ecologically and economically sustainable agricultural systems to increase food security. The draft Conservation Agriculture Po…"
"Spain","BTR",2024,"HazardSystem","[7083 • System at risk] Climate change alters the behavior and distribution of species, affecting the the risk of forest fires, affecting air quality. Furthermore, climate change favors stable atmospheric conditions that hin…"
"Spain","BTR",2024,"HazardPriority",NA
"Spain","BTR",2024,"HazardAction",NA
"Spain","BTR",2024,"HazardResult",NA
"Spain","BTR",2024,"SystemPriority","[7113 • Adaptation priorities] A gender perspective"
"Spain","BTR",2024,"SystemAction","[7117 • Action] To facilitate monitoring the implementation of the measures contained in the Work Programs, a system of tracking sheets has been developed that allows for the structured collection of all relevant inf…"
"Spain","BTR",2024,"SystemResult",NA
"Sweden","BTR",2024,"HazardSystem","[4656 • System at risk] Göta River, the largest river in Sweden, with its surrounding river basin is very vulnerable to erosion and landslides. In the past, catastrophic events have occurred along the river. As the risk of l…"
"Sweden","BTR",2024,"HazardPriority",NA
"Sweden","BTR",2024,"HazardAction",NA
"Sweden","BTR",2024,"HazardResult",NA
"Sweden","BTR",2024,"SystemPriority",NA
"Sweden","BTR",2024,"SystemAction",NA
"Sweden","BTR",2024,"SystemResult",NA
"Tajikistan","BTR",2024,"HazardSystem","[5507 • System at risk] Tajikistan’s industrial sector, and especially mining activities, are vulnerable to geological phenomena such as landslides, earthquakes and rockfalls, as well as hydrometeorological phenomena such as…"
"Tajikistan","BTR",2024,"HazardPriority","[5514 • Adaptation priorities] To develop drought monitoring and early warning systems, the Hydrometeorology Agency of the Committee for Environmental Protection under the Government of the Republic Tajikistan is preparing measures…"
"Tajikistan","BTR",2024,"HazardAction",NA
"Tajikistan","BTR",2024,"HazardResult",NA
"Tajikistan","BTR",2024,"SystemPriority","[5514 • Adaptation priorities] To develop drought monitoring and early warning systems, the Hydrometeorology Agency of the Committee for Environmental Protection under the Government of the Republic Tajikistan is preparing measures…"
"Tajikistan","BTR",2024,"SystemAction",NA
"Tajikistan","BTR",2024,"SystemResult",NA
"Thailand","BTR",2024,"HazardSystem","[8256 • System at risk] In recent years, storms, droughts, and floods have damaged thousands of square kilometers of agricultural land, causing significant financial losses. Storms affected 1,178.91 km² in 2022, droughts aff…"
"Thailand","BTR",2024,"HazardPriority","[8282 • Adaptation priorities] How to capture Table 4.2 in Thailand's BTR?"
"Thailand","BTR",2024,"HazardAction","[8286 • Action] Flood and Inundation Management: Seeks to mitigate damages from floods and climate change by improving 1,978.14 km of waterways, protecting 380 urban areas, managing 13 flood-prone zones, supporting e…"
"Thailand","BTR",2024,"HazardResult","[8313 • Result] Thailand has adopted the Payment for Ecosystem Services (PES) principle to assign economic value to the country’s natural resources. This initiative benefits communities responsible for conserving pro…"
"Thailand","BTR",2024,"SystemPriority","[8253 • Adaptation priorities] NAP identified 6 priority areas: water resources management, agriculture and food security, tourism, public health, natural resources management, and human settlements and security"
"Thailand","BTR",2024,"SystemAction","[8283 • Action] 20-year Master Plan on Water Resources Management (Phase 1 Adjustment, 2023–2037)"
"Thailand","BTR",2024,"SystemResult","[8313 • Result] Thailand has adopted the Payment for Ecosystem Services (PES) principle to assign economic value to the country’s natural resources. This initiative benefits communities responsible for conserving pro…"
"Tunisia","BTR",2024,"HazardSystem",NA
"Tunisia","BTR",2024,"HazardPriority","[7141 • Adaptation priorities] Strengthen the disease surveillance climate-sensitive and develop early detection capacity and early warning of phenomena with potential epidemic"
"Tunisia","BTR",2024,"HazardAction",NA
"Tunisia","BTR",2024,"HazardResult",NA
"Tunisia","BTR",2024,"SystemPriority","[7138 • Adaptation priorities] Strengthening the adaptation capacities of tourism stakeholders through knowledge development, education and training."
"Tunisia","BTR",2024,"SystemAction",NA
"Tunisia","BTR",2024,"SystemResult",NA
"Türkiye","BTR",NA,"HazardSystem","[7842 • System at risk] the water resources in Türkiye are highly vulnerable to climate change impacts, particularly drought and heavy precipitation. The findings from the vulnerability and risk assessment show that drought …"
"Türkiye","BTR",NA,"HazardPriority","[7896 • Adaptation priorities] A central feature is the preparation of Local Climate Change Action Plans for pilot cities, which include strategies to mitigate climate-related risks such as floods and heatwaves, directly contributi…"
"Türkiye","BTR",NA,"HazardAction","[7919 • Action] To address the increasing frequency and severity of droughts, Türkiye has developed Drought Management Plans for all 25 river basins. These plans, launched by DGWM and completed in 2023, provide a com…"
"Türkiye","BTR",NA,"HazardResult","[7927 • Result] Complementing this effort, Flood Management Plans have been developed for all 25 basins, focusing on minimizing flood impacts through legal frameworks and detailed flood hazard maps. Flood hazard and …"
"Türkiye","BTR",NA,"SystemPriority","[7898 • Adaptation priorities] This project supports Türkiye's national priorities by focusing on key areas such as water management, disaster risk reduction, and sustainable urban development."
"Türkiye","BTR",NA,"SystemAction","[7899 • Action] This project supports Türkiye's national priorities by focusing on key areas such as water management, disaster risk reduction, and sustainable urban development."
"Türkiye","BTR",NA,"SystemResult","[7909 • Result] One of the most comprehensive initiatives in this regard is the Climate Change Impact on Water Resources Project, launched by DGWM in 2013 and completed in 2016. This project assesses the impact of cl…"
"USA","BTR",NA,"HazardSystem","[7408 • System at risk] Critical ocean habitats, like California’s kelp forests and Florida’s coral reefs, have declined by 90 percent in less than 10 years due to above normal ocean temperatures and increased ocean acidific…"
"USA","BTR",NA,"HazardPriority",NA
"USA","BTR",NA,"HazardAction",NA
"USA","BTR",NA,"HazardResult",NA
"USA","BTR",NA,"SystemPriority",NA
"USA","BTR",NA,"SystemAction",NA
"USA","BTR",NA,"SystemResult",NA
"Uruguay","BTR",2024,"HazardSystem","[7204 • System at risk] During the summer seasons, significant droughts occur in the country, often intensified by the La Niña phenomenon, affecting the agricultural and livestock sectors, both of great importance in the Uru…"
"Uruguay","BTR",2024,"HazardPriority",NA
"Uruguay","BTR",2024,"HazardAction","[7166 • Action] From the beginning of 2023 to the present, the Uruguayan Institute of Meteorology (INUMET) issued 181,592 weather warnings, of which 0.17% correspond to red warnings and 29.31% to orange. Of these war…"
"Uruguay","BTR",2024,"HazardResult",NA
"Uruguay","BTR",2024,"SystemPriority","[7223 • Adaptation priorities] Reduce the impacts of climate change on socio-ecological systems; reducing losses and damages in the various productive areas and sectors, through the implementation of climate change adaptation actio…"
"Uruguay","BTR",2024,"SystemAction",NA
"Uruguay","BTR",2024,"SystemResult",NA
"Uzbekistan","BTR",2024,"HazardSystem","[7243 • System at risk] Incremental change in climate and precipitation regime precipitation (increased extreme precipitation) increases the risk the occurrence of landslides, which results in the washing away of the upper f…"
"Uzbekistan","BTR",2024,"HazardPriority","[7294 • Adaptation priorities] Creation of green spaces on 600 thousand hectares of area - protective forest plantations as measures against desertification, drought, dust storms and rising temperatures;"
"Uzbekistan","BTR",2024,"HazardAction",NA
"Uzbekistan","BTR",2024,"HazardResult",NA
"Uzbekistan","BTR",2024,"SystemPriority","[7304 • Adaptation priorities] In 2023, a new financing system for the implementation of water-saving measures was adopted in agriculture in Uzbekistan. For clusters and farms, a 5-year preferential credit line with a two-year gra…"
"Uzbekistan","BTR",2024,"SystemAction",NA
"Uzbekistan","BTR",2024,"SystemResult",NA
"Vanuatu","BTR",2024,"HazardSystem","[4780 • System at risk] Rising sea levels, coastal erosion, and environmental degradation threaten beaches and dive sites, reducing the sector’s appeal."
"Vanuatu","BTR",2024,"HazardPriority","[4901 • Adaptation priorities] Repair and maintain airports post-cyclones; ensure backup power systems."
"Vanuatu","BTR",2024,"HazardAction",NA
"Vanuatu","BTR",2024,"HazardResult",NA
"Vanuatu","BTR",2024,"SystemPriority","[4896 • Adaptation priorities] Modify and elevate roads, use sandbags, and implement rapid clean-up responses."
"Vanuatu","BTR",2024,"SystemAction","[4808 • Action] The government has also promoted renewable energy initiatives like the National Green Energy Fund to enhance energy access, especially in rural areas."
"Vanuatu","BTR",2024,"SystemResult",NA
"Venezuela","BTR",2024,"HazardSystem","[7345 • System at risk] Extreme temperatures increase the incidence of stillbirths which, added to the variations in bioclimatic variables, favor the spread of diseases transmitted by vectors, such as malaria, dengue and Zik…"
"Venezuela","BTR",2024,"HazardPriority",NA
"Venezuela","BTR",2024,"HazardAction",NA
"Venezuela","BTR",2024,"HazardResult",NA
"Venezuela","BTR",2024,"SystemPriority",NA
"Venezuela","BTR",2024,"SystemAction",NA
"Venezuela","BTR",2024,"SystemResult",NA
"Zimbabwe","BTR",2024,"HazardSystem","[7440 • System at risk] Periods of intense rainfall leading to flooding, can also cause extensive damage to water infrastructure"
"Zimbabwe","BTR",2024,"HazardPriority",NA
"Zimbabwe","BTR",2024,"HazardAction",NA
"Zimbabwe","BTR",2024,"HazardResult",NA
"Zimbabwe","BTR",2024,"SystemPriority","[7510 • Adaptation priorities] Develop, implement and scale-up climate smart agriculture solutions and strengthen the resilience of agricultural value chains and markets"
"Zimbabwe","BTR",2024,"SystemAction",NA
"Zimbabwe","BTR",2024,"SystemResult",NA
