"...1","Country","Document","Element","ElementLabel","ElementText","HazardType","Sector","ResultType","Action level","ActionType","IndicatorType_theme","IndicatorType_information","IndicatorType_function","BarrierType"
35,"Rwanda","BTR","Hazard","Temperature increase","Bean yields are projected to decrease under a warming climate, especially in the lower elevations of the east and far southwest","","Agriculture",NA,NA,NA,NA,NA,NA,NA
153,"Bulgaria","BTR","Hazard","Drought","The total annual volume of river runoff in the country in 2019 was 52% less than in 2018, and compared to the norms for the periods 1961–1990 and 1981–2010, the decrease is 36.1% and 24.3%, respectively. For 2020, the comparison with the norms for the same two periods shows a decrease in the total volume of the river runoff by 45.2% and 35.0%, respectively.","",NA,NA,NA,NA,NA,NA,NA,NA
155,"Bulgaria","BTR","Hazard","Drought","The most significant is the decrease in runoff for the Black Sea region, followed by the West Aegean, East Aegean, and Danube River regions. During both dry years, groundwater reserves decreased, and in over 70% of the hydrogeological points across the entire country, a decrease in the levels and flow rates compared to the norms was recorded in individual months.","",NA,NA,NA,NA,NA,NA,NA,NA
312,"Belize","BTR","Hazard","Air surface temperature increase","Spatial variation in temperature will also occur. In the RCP 2.6 scenario, the coolest areas will remain in the mountainous southern regions, while the hottest temperatures will be concentrated in northwestern Belize. By contrast, in the RCP 4.5 scenario, southern and coastal areas are projected to experience the highest temperatures, especially after 2080","",NA,NA,NA,NA,NA,NA,NA,NA
500,"Cambodia","BTR","Hazard","Climate trends and hazards","The number of days with temperatures exceeding 35°C also increases significantly in both the medium and far future, with more pronounced increases observed under SSP5-8.5 compared to SSP1-2.6","",NA,NA,NA,NA,NA,NA,NA,NA
555,"Cambodia","BTR","Hazard","Risk","Effect of increased CO2 on fertilization: plants may respond by growing more vegetatively, though this will depend on the species and type of plant","","Rice",NA,NA,NA,NA,NA,NA,NA
684,"Croatia","BTR","Hazard","Changes in precipitation","Main trend feature is significant summer drying along the Adriatic coast and its hinterland (5-15% / 10 years compared to the period 1981-2010 average).","",NA,NA,NA,NA,NA,NA,NA,NA
691,"Croatia","BTR","Hazard","Vulnerability","Reduction of water quantity in watercourses and in spring","","Water resources",NA,NA,NA,NA,NA,NA,NA
693,"Croatia","BTR","Hazard","Vulnerability","Reduction of underground water reserves and lowering of groundwater levels","","Water resources",NA,NA,NA,NA,NA,NA,NA
696,"Croatia","BTR","Hazard","Vulnerability","Reduction of water levels in lakes and other lake type natural or built-up systems","","Water resources",NA,NA,NA,NA,NA,NA,NA
707,"Croatia","BTR","Hazard","Vulnerability","Increased frequency and intensity of torrents","","Water resources",NA,NA,NA,NA,NA,NA,NA
714,"Croatia","BTR","Hazard","Vulnerability","Reduced efficiency of coastal infrastructure and intensified salinisation of river estuaries and coastal aquifers","","Water resources",NA,NA,NA,NA,NA,NA,NA
1013,"Nigeria","BTR","Hazard","Hazard","It is observed that irrespective of the period, namely 1951 to 2020, 1971 to 2020 and 1991 to 2020, there is an increase in annual average mean surface air temperature.","",NA,NA,NA,NA,NA,NA,NA,NA
1062,"Phillipines","BTR","Hazard","Temperature increase","Additionally, the heat index is projected to rise significantly compared to the 2010–2020 baseline of 37.0°. By 2030, the heat index is expected to rise by 1.4°C (SSP2-4.5) to 1.9°C (SSP5-8.5) by 2030, reaching 38.4°C to 38.9°C, remaining within the 'Extreme Caution' category. By 2050, the increase is anticipated to accelerate by 3.3°C (SSP2-4.5) to 4.2°C (SSP5-8.5), reaching 40.3°C to 41.2°C and nearing the 'Danger' zone","",NA,NA,NA,NA,NA,NA,NA,NA
1180,"Ghana","BTR","Hazard","Temperature trends","The frequency of 'hot' days (when temperatures exceed the threshold that occurs on 10% of days or nights in the current climate of that region and season), has risen significantly in all seasons except between December and February.","",NA,NA,NA,NA,NA,NA,NA,NA
1194,"Ghana","BTR","Hazard","Climate projections","All projections indicate a rise in minimum temperature to above 26°C.","",NA,NA,NA,NA,NA,NA,NA,NA
1341,"Greece","BTR","Hazard","Vulnerability","Minimum winter temperatures in all of Greece’s regions are projected to be ~1.5 oC higher in 2021-2050 and ~3.5 oC higher in 2071-2100, than in the reference period 1961-1990.","",NA,NA,NA,NA,NA,NA,NA,NA
1342,"Greece","BTR","Hazard","Vulnerability","The increase in mean maximum summer temperatures in the period 2021-2050 is projected to be higher than that of the winter minimums and exceed 1.5 oC, while in some cases is projected to reach up to 2.5 oC. In the period 2071-2100, the increase in mean maximum summer temperatures may be as much as 5 oC.","",NA,NA,NA,NA,NA,NA,NA,NA
1434,"Israel","BTR","Hazard","Collapse of cliffs","In April 2023 there was a cliff retreat in Netanya, one of the coastal cities in Israel, that occurred by the seaside promenade.","",NA,NA,NA,NA,NA,NA,NA,NA
1484,"Latvia","BTR","Hazard",NA,"During the year 2023, several rapid temperature fluctuations were observed","",NA,NA,NA,NA,NA,NA,NA,NA
1487,"Latvia","BTR","Hazard",NA,"Annual mean air temperature in Latvia was +7.8 °C, which is 1.0 °C above the 1991−2020 normal, therefore 2023 was the 3rd warmest on record (since 1924)","",NA,NA,NA,NA,NA,NA,NA,NA
1494,"Latvia","BTR","Hazard","Risk","Changes in seasons, including the vegetation period growing season","",NA,NA,NA,NA,NA,NA,NA,NA
1500,"Latvia","BTR","Hazard","Risk","Occurrence of disturbances in electricity supply","",NA,NA,NA,NA,NA,NA,NA,NA
1501,"Latvia","BTR","Hazard","Risk","Increased run-off, hydropower variations","",NA,NA,NA,NA,NA,NA,NA,NA
1503,"Latvia","BTR","Hazard","Risk","Eutrophication","",NA,NA,NA,NA,NA,NA,NA,NA
1504,"Latvia","BTR","Hazard","Risk","Damages to infrastructures, overheating of equipment","",NA,NA,NA,NA,NA,NA,NA,NA
1505,"Latvia","BTR","Hazard","Risk","Decreased run-off during summer","",NA,NA,NA,NA,NA,NA,NA,NA
1526,"Latvia","BTR","Hazard","Risk","Increase in maximum wind gusts","","Civil protection and emergency management",NA,NA,NA,NA,NA,NA,NA
1535,"Latvia","BTR","Hazard","Risk","Increased risk of heat stroke","","Health and welfare",NA,NA,NA,NA,NA,NA,NA
1541,"Latvia","BTR","Hazard","Risk","Increase in air temperature, increase in the minimum air temperature in winter","","Biodiversity and ecosystem services",NA,NA,NA,NA,NA,NA,NA
1543,"Latvia","BTR","Hazard","Risk","Earlier onset of the spring, extension of the summer season","","Biodiversity and ecosystem services",NA,NA,NA,NA,NA,NA,NA
1561,"Latvia","BTR","Hazard","Risk","Increase in the annual average air temperature, increase in the average air temperature in the winter season, increase in the minimum value of the daily maximum temperature, increase in the average air temperature in the summer months","","Tourism and landscape planning",NA,NA,NA,NA,NA,NA,NA
1563,"Latvia","BTR","Hazard","Risk","Increase in the number of days of the vegetation period","","Tourism and landscape planning",NA,NA,NA,NA,NA,NA,NA
1565,"Latvia","BTR","Hazard","Risk","Increase in maximum wind gusts on the seacoast, increase in the number of days with the maximum wind speed","","Tourism and landscape planning",NA,NA,NA,NA,NA,NA,NA
1618,"Latvia","BTR","Hazard","Observed climate","Annual mean and maximum value of mean air temperature have increased by 1.2 °C, while minimum value has increased by 1.8 °C","",NA,NA,NA,NA,NA,NA,NA,NA
1619,"Latvia","BTR","Hazard","Observed climate","Annual mean and maximum value of minimum air temperature have increased by 0.9 °C and 0.8 °C respectively, while minimum value – by 2.1 °C","",NA,NA,NA,NA,NA,NA,NA,NA
1620,"Latvia","BTR","Hazard","Observed climate","Due to observed climate change summer days have increased by 5 days","",NA,NA,NA,NA,NA,NA,NA,NA
1621,"Latvia","BTR","Hazard","Observed climate","Latvia has always had a small number of tropical nights, so no valid conclusions about the trends in changes of the number of such nights can be made, however, an increase in the frequency of such nights has been observed during the last couple of decades","",NA,NA,NA,NA,NA,NA,NA,NA
1623,"Latvia","BTR","Hazard","Observed climate","The general increase in air temperatures has also affected the length of the growing season – by an average of 3 additional days since 1961","",NA,NA,NA,NA,NA,NA,NA,NA
1626,"Latvia","BTR","Hazard","Observed climate","During the observed period, the average length of coldwaves has decreased by 4 days","",NA,NA,NA,NA,NA,NA,NA,NA
1627,"Latvia","BTR","Hazard","Observed climate","Diurnal temperature range has increased by 0.2 °C since 1961","",NA,NA,NA,NA,NA,NA,NA,NA
1631,"Latvia","BTR","Hazard","Observed climate","At the end of the discussed period, the simple daily intensity index is higher by 0.3 mm/wet days than at the beginning of the period","",NA,NA,NA,NA,NA,NA,NA,NA
1636,"Latvia","BTR","Hazard","Observed climate","Since 1966, average wind speed in Latvia has decreased by 0.5 m/s","",NA,NA,NA,NA,NA,NA,NA,NA
1638,"Latvia","BTR","Hazard","Observed climate","Due to the decrease in mean wind speed, the number of calm days has increased by 19 days","",NA,NA,NA,NA,NA,NA,NA,NA
1639,"Latvia","BTR","Hazard","Future climate","Annual mean maximum air temperature, according to minor, medium and significant climate change scenarios, can increase by 2.8–5.0 °C, while a more rapid increase for extreme values is projected – maximum values of annual maximum air temperature by 3.2–6.4 °C, and minimum value of annual maximum air temperature can increase by 4.5–8.4 °C","",NA,NA,NA,NA,NA,NA,NA,NA
1640,"Latvia","BTR","Hazard","Future climate","Until the end of century, annual mean air temperature can increase by 2.8–4.9 °C, while annual maximum value – by 2.9–5.5 °C. Annual minimum value of mean air temperature is projected to increase by 5.7– 9.9 °C","",NA,NA,NA,NA,NA,NA,NA,NA
1641,"Latvia","BTR","Hazard","Future climate","Most significant increase is projected for minimum values of annual minimum air temperature: 8.0–12.5 °C, while for annual mean values a 2.9–5.1 °C increase is predicted and for maximum values an increase of 2.6– 5.2 °C","",NA,NA,NA,NA,NA,NA,NA,NA
1642,"Latvia","BTR","Hazard","Future climate","By the end of 21st century, the projected increase of summer days on average is 19 to 44 days","",NA,NA,NA,NA,NA,NA,NA,NA
1643,"Latvia","BTR","Hazard","Future climate","The number of tropical nights by year 2100 can increase by 19 to 44 nights","",NA,NA,NA,NA,NA,NA,NA,NA
1645,"Latvia","BTR","Hazard","Future climate","It is expected that by 2100 the increase of air temperatures will affect the duration of the growing season – the scenarios climate models project an extension of the growing season by 3027 to 6649 days","",NA,NA,NA,NA,NA,NA,NA,NA
1648,"Latvia","BTR","Hazard","Future climate","Average coldwave length is expected to decrease by 5–6 days by the end of the century","",NA,NA,NA,NA,NA,NA,NA,NA
1649,"Latvia","BTR","Hazard","Future climate","Mean annual diurnal temperature range is expected to decrease by 0.1–0.2 °C by 2100, in large part due to the winter season, when the diurnal temperature range will decrease by 1.1–1.6 °C","",NA,NA,NA,NA,NA,NA,NA,NA
1655,"Latvia","BTR","Hazard","Future climate","In the future projections show uncertainty, with mean wind speed increasing by 0.1 m/s in a minor climate change scenario, but in significant climate change – decreasing by
0.1 m/s","",NA,NA,NA,NA,NA,NA,NA,NA
1657,"Latvia","BTR","Hazard","Future climate","Most climate models project increase in the number of calm days in Latvia on average by 20 to 38 days","",NA,NA,NA,NA,NA,NA,NA,NA
1664,"Lebanon","BTR","Hazard","Hazard","Between 1955 and 2023, Lebanon experienced 26 major disasters, affecting over 5.4 million people and resulting in significant human and economic losses","",NA,NA,NA,NA,NA,NA,NA,NA
1857,"Estonia","BTR","Hazard","Climate trends","In the period of 2041–2070, the increase in the temperature will be lowest in the summer months (June, July, August, i.e. JJA), and, in the period of 2071–2100, in the autumn months (September, October, November, i.e. SON)","",NA,NA,NA,NA,NA,NA,NA,NA
1858,"Estonia","BTR","Hazard","Climate trends","a decrease in the shortwave radiative forcing affecting the surface of the Earth","",NA,NA,NA,NA,NA,NA,NA,NA
1875,"Estonia","BTR","Hazard","Vulnerability","In 2020, air pollution fine particles and nitrogen dioxide in the ambient air caused an average of 1,179 early deaths in Estonia","","Health",NA,NA,NA,NA,NA,NA,NA
1983,"Chile","BTR","Hazard","Oceanic trends and projections","Projections for 2026-2045 indicate slight increases in wave height towards the south (>50°S), while mid-latitudes (35°S-45°S) could experience slight reductions due to changes in wind patterns. These changes impact coastal settlements, fishing and tourism","",NA,NA,NA,NA,NA,NA,NA,NA
1987,"Chile","BTR","Hazard","Oceanic trends and projections","By the end of the century, increases of up to 2.31 °C are projected, alternating atmospheric and oceanic circulation, with critical implications for marine ecosystems and biodiversity and activities such as artisanal fishing and aquaculture.","",NA,NA,NA,NA,NA,NA,NA,NA
2065,"Finland","BTR","Hazard","Climate trends and hazards","Based on weather observations, the average annual wind speeds have fallen slightly in recent decades.","",NA,NA,NA,NA,NA,NA,NA,NA
2070,"Finland","BTR","Hazard","Climate trends and hazards","The amount of incoming solar radiation may decrease due to increased cloudiness.","",NA,NA,NA,NA,NA,NA,NA,NA
2073,"Finland","BTR","Hazard","Climate trends and hazards","The warming of the climate will also lengthen the thermal growing season, and the effective temperature sum of the season will increase.","",NA,NA,NA,NA,NA,NA,NA,NA
2161,"Guyana","BTR","Hazard","Future climate","Temperatures will increase","",NA,NA,NA,NA,NA,NA,NA,NA
2166,"Guyana","BTR","Hazard","Hazard","sea state and tidal conditions","",NA,NA,NA,NA,NA,NA,NA,NA
2167,"Guyana","BTR","Hazard","Hazard","Inadequate or poorly maintained drainage and sea defence infrastructure","",NA,NA,NA,NA,NA,NA,NA,NA
2617,"Indonesia","BTR","Hazard","Hazard","Projections indicate that El Niño events are expected to increase in both frequency and intensity 104 as a result of rising global temperatures","",NA,NA,NA,NA,NA,NA,NA,NA
2759,"Kazakhstan","BTR","Hazard","Projected climate","Surface air temperatures in Kazakhstan are expected to continue rising across all seasons","",NA,NA,NA,NA,NA,NA,NA,NA
2857,"Lithuania","BTR","Hazard","Temperature and solar radiation projections","The average air temperature is projected to increase from the current 7.3°C by between 1.2°C (RCP4.5) and 2.8°C (RCP8.5).","",NA,NA,NA,NA,NA,NA,NA,NA
2859,"Lithuania","BTR","Hazard","Temperature and solar radiation projections","Tropical nights (when night-time temperatures remain ≥ 20°C) are more common as the climate changes.","",NA,NA,NA,NA,NA,NA,NA,NA
2861,"Lithuania","BTR","Hazard","Temperature and solar radiation projections","The vegetation season is projected to become longer due to climate change. On average, the length of the vegetation season in Lithuania will increase from 16 (RCP4.5) to 37 (RCP8.5) days by the end of the century, compared to 206 days today.","",NA,NA,NA,NA,NA,NA,NA,NA
2862,"Lithuania","BTR","Hazard","Temperature and solar radiation projections","The number of heating days below 10°C is projected to decrease as the climate changes. On average, in Lithuania, the decrease from the current 207 days will be between two weeks (RCP4.5) and one month (RCP8.5) by the end of the century","",NA,NA,NA,NA,NA,NA,NA,NA
2865,"Lithuania","BTR","Hazard","Temperature and solar radiation projections","Shortwave solar radiation is projected to decrease slightly over the century from the current 115 W/m2 to 111 W/m2 in RCP4.5 and 108 W/m2 in RCP8.5.","",NA,NA,NA,NA,NA,NA,NA,NA
2866,"Lithuania","BTR","Hazard","Temperature and solar radiation projections","Climate change will reduce the sunshine duration in Lithuania from the current 1,854 hours, ranging from 64 hours or 3.2% (RCP4.5) to 103 hours or 5.5% (RCP8.5).","",NA,NA,NA,NA,NA,NA,NA,NA
2952,"Maldives","BTR","Hazard","Impacts, risks and vulnerabilties","Rising ambient temperatures","","Agriculture and Food Security",NA,NA,NA,NA,NA,NA,NA
2953,"Maldives","BTR","Hazard","Impacts, risks and vulnerabilties","Prolonged dry periods","","Agriculture and Food Security",NA,NA,NA,NA,NA,NA,NA
2954,"Maldives","BTR","Hazard","Impacts, risks and vulnerabilties","Sea swells and surges contribute to the salinisation of agricultural lands, degrading soil quality and impacting production","","Agriculture and Food Security",NA,NA,NA,NA,NA,NA,NA
3072,"Maldives","BTR","Hazard","Impacts, risks and vulnerabilities","The Maldives’ tourism industry is highly susceptible to natural disasters, external shocks, and global crises. This vulnerability was starkly illustrated by the 2004 Indian Ocean tsunami, which resulted in a 33% decline in visitor numbers in 2005, over USD 230 million in damages to tourism infrastructure and businesses, and a total asset loss estimated at 62% of GDP","","Tourism",NA,NA,NA,NA,NA,NA,NA
3093,"Maldives","BTR","Hazard","Impacts, risks and vulnerabilities","Research indicates that stocks of tropical species could decline by as much as 40% by the 2050s under the RCP8.5 emissions scenario","","Fisheries",NA,NA,NA,NA,NA,NA,NA
3100,"Maldives","BTR","Hazard","Impacts, risks and vulnerabilities","Projections indicate that atmospheric CO2 concentrations, currently at 380 ppm, could rise to between 540 and 970 ppm by 2100. This significant increase is expected to alter seawater pH (Orr et al., 2005), and carbonate concentrations due to CO2 exchange with seawater","","Fisheries",NA,NA,NA,NA,NA,NA,NA
3131,"Luxembourg","BTR","Hazard","Air temperature","One of the main trends linked to climate change is the rise in global temperatures","",NA,NA,NA,NA,NA,NA,NA,NA
3133,"Luxembourg","BTR","Hazard","Air temperature","Future climate projections from the nested regional climate models show a consistent increase in air temperatures for all three variables and all RCPs","",NA,NA,NA,NA,NA,NA,NA,NA
3427,"Mauritius","BTR","Hazard",NA,"It is also estimated Mauritius will be a water scarce region by the year 2030","",NA,NA,NA,NA,NA,NA,NA,NA
3456,"Mauritius","BTR","Hazard","Risk","Heat","","Health",NA,NA,NA,NA,NA,NA,NA
3463,"Mauritius","BTR","Hazard","Risk","Seal level rise","","Infrastructure",NA,NA,NA,NA,NA,NA,NA
3493,"Montenegro","BTR","Hazard","Observed climate trends","A greater number of very warm days and nights","",NA,NA,NA,NA,NA,NA,NA,NA
3499,"Montenegro","BTR","Hazard","Observed climate trends","Reducing the number of consecutive wet days","",NA,NA,NA,NA,NA,NA,NA,NA
3734,"Poland","BTR","Hazard","Current climate","A characteristic feature of Poland's climate is the high interannual variability of air temperature, which is manifested in the occurrence of years that are markedly cooler than average, although this happens much less frequently than before 1991","",NA,NA,NA,NA,NA,NA,NA,NA
3737,"Poland","BTR","Hazard","Projected climate","The moderate RCP4.5 scenario assumes a further increase in atmospheric carbon dioxide concentration – to 540 ppm in 2100 – and to reach a radiative forcing of 4.5 W/m2 , while the extrapolation scenario RCP8.5 corresponds to an increase in CO2 concentration to 940 ppm and radiative forcing to 8.5 W/m2 in 2100.","",NA,NA,NA,NA,NA,NA,NA,NA
3740,"Poland","BTR","Hazard","Projected climate","The number of tropical nights, with a minimum temperature above 20°C, shows an increasing trend, by 2060 quite similar in both scenarios, increasing by 6-times by the end of the century compared to the current decade in the RCP 8.5 scenario.","",NA,NA,NA,NA,NA,NA,NA,NA
3741,"Poland","BTR","Hazard","Projected climate","The number of cold days (with a maximum temperature <0˚C) will decrease, on average, by 10 days by 2060 compared to the decade 2011—2020, especially in the east and northeast of the country.","",NA,NA,NA,NA,NA,NA,NA,NA
3742,"Poland","BTR","Hazard","Projected climate","The projected warming may intensify the hydrological cycle","",NA,NA,NA,NA,NA,NA,NA,NA
3766,"Poland","BTR","Hazard","Vulnerability","Heat","","Public health",NA,NA,NA,NA,NA,NA,NA
3767,"Poland","BTR","Hazard","Vulnerability","Cold","","Public health",NA,NA,NA,NA,NA,NA,NA
3771,"Poland","BTR","Hazard","Vulnerability","Heat","","Agriculture",NA,NA,NA,NA,NA,NA,NA
3876,"Nepal","BTR","Hazard","Climate trend","A climate trend analysis conducted by the Department of Hydrology and Meteorology (DHM) in 2017 indicates that Nepal’s annual maximum temperature is rising at a rate of 0.056°C per year, while the minimum temperature is increasing at a much slower and statistically insignificant rate of 0.002°C per year (between 1971 and 2014).","",NA,NA,NA,NA,NA,NA,NA,NA
3883,"Nepal","BTR","Hazard","Extreme indices","Warm extremes (warm days, warm nights, and warm spell duration) are expected to increase, while cold extremes (cold days, cold nights, and cold spell duration) are projected to decrease.","",NA,NA,NA,NA,NA,NA,NA,NA
3897,"Nepal","BTR","Hazard","Future scenarios","Thunderbolt","",NA,NA,NA,NA,NA,NA,NA,NA
4096,"Moldova","BTR","Hazard","Observed trends","The warming trend over the last 30 years is higher than over the last 70 years, which highlights that the RoM’s rate of warming has increased in recent decades","",NA,NA,NA,NA,NA,NA,NA,NA
4103,"Moldova","BTR","Hazard","Projected trends","Moldova is likely to experience more frequent and severe impacts from climate extremes in the coming decades.","",NA,NA,NA,NA,NA,NA,NA,NA
4105,"Moldova","BTR","Hazard","Projected trends","The warm spell duration index (WSDI) is projected to increase, and cold spell duration index (CSDI) to decrease. The maximum increases in WSDI by the end of the twenty-first century will be from 119 days in Northern to 126 days in Southern AEZs under SSP5-8.5, and/or minimum increase by 18-21 days, respectively under SSP1-2.6 scenarios","",NA,NA,NA,NA,NA,NA,NA,NA
4108,"Moldova","BTR","Hazard","Projected trends","The SDII is projected to increase across the RoM by the end of the twenty-first century under both SSPs scenarios, with strong model agreement. The projections indicate that Northern, and Southern AEZs will experience the greatest increase of SDII by 0.6 mm/day, according to SSP5-8.5 scenario, while in case of SSP1-2.6 scenario, the projected increase will be 0.2 mm/day, comparative to 1995-2014 reference period","",NA,NA,NA,NA,NA,NA,NA,NA
4110,"Moldova","BTR","Hazard","Projected trends","The R10mm is projected to increase in Northern AEZ according to both scenarios by the end of the twenty-first century, while the Southern AEZ will experience the slight decrease by 0.5 days of the R10mm under SSP5-8.5, and/or slight increase by 0.4 days in case of SSP1-2-6 relative to reference period 1995-2014","",NA,NA,NA,NA,NA,NA,NA,NA
4111,"Moldova","BTR","Hazard","Projected trends","The R20mm is projected to increase everywhere by the end of the twenty-first century under both SSPs scenarios.","",NA,NA,NA,NA,NA,NA,NA,NA
4112,"Moldova","BTR","Hazard","Projected trends","The R95p and R99p projected to increase everywhere by the end of the twenty-first century under both SSPs scenarios, more pronounced for SSP5-8.5 scenario.","",NA,NA,NA,NA,NA,NA,NA,NA
4114,"Moldova","BTR","Hazard","Projected trends","By the end of the twenty-first century, the consecutive wet days is projected to decrease in Central and Southern AEZs under SSP5-8.5 scenarios, except Northern AEZ where the slight increase in consecutive wet days by 0.3 - 0.6 days is possible under both SSPs scenarios, relative to reference period 1995-2014","",NA,NA,NA,NA,NA,NA,NA,NA
4219,"Portugal","BTR","Hazard","Current climate","Heavy pecipitation","",NA,NA,NA,NA,NA,NA,NA,NA
4290,"Serbia","BTR","Hazard","Climate trend and hazards","Impacts on watercourses (increased risks of rising maximum flows, reduced minimum flows, and prolonged low-flow periods)","",NA,NA,NA,NA,NA,NA,NA,NA
4291,"Serbia","BTR","Hazard","Climate trend and hazards","Slower groundwater recharge","",NA,NA,NA,NA,NA,NA,NA,NA
4292,"Serbia","BTR","Hazard","Climate trend and hazards","Increased risks of soil and landcover degradation,","",NA,NA,NA,NA,NA,NA,NA,NA
4299,"Serbia","BTR","Hazard","Climate trend and hazards","In rivers south of the Sava and Danube, flows increase during periods of higher discharge, maximum flow are rising","",NA,NA,NA,NA,NA,NA,NA,NA
4430,"Slovakia","BTR","Hazard",NA,"Slovakia has seen a significant increase in above-normal temperature years since 1991, with 2018 and 2019 being extremely warm.","",NA,NA,NA,NA,NA,NA,NA,NA
4436,"Slovakia","BTR","Hazard","Impact","Higher air temperature accelerates the intensity of physiological processes. The phenological phases change and the crops ripen faster. The changed climate affects not only the regional distribution of cultivated crops (the spread of thermophilic crops to the more northern parts of the Slovak Republic), but also the qualitative characteristics of the soil.","","Agriculture",NA,NA,NA,NA,NA,NA,NA
4487,"Slovakia","BTR","Hazard","Impact","Occurrence of rapid weather changes/fluctuations","","Public health",NA,NA,NA,NA,NA,NA,NA
4488,"Slovakia","BTR","Hazard","Impact","Extension of the pollen season","","Public health",NA,NA,NA,NA,NA,NA,NA
4490,"Slovakia","BTR","Hazard","Impact","Higher UV radiation, ground-level ozone and PM10 concentrations","","Public health",NA,NA,NA,NA,NA,NA,NA
4501,"Slovakia","BTR","Hazard","Impact","According to different climate scenarios, a change in the long-term average annual runoff can be expected over most of the territory, with a more pronounced decrease expected especially in the lowland area. In particular, changes in long-term monthly flows are expected, with an increase in winter and spring runoff and a decrease in summer and autumn runoff, especially in the growing season","","Water management",NA,NA,NA,NA,NA,NA,NA
4525,"Slovakia","BTR","Hazard","Impact","In the near future, according to experts, the vegetation zones are expected to shift towards the poles.","","Tourism",NA,NA,NA,NA,NA,NA,NA
4526,"Slovakia","BTR","Hazard","Impact","Temperatures are expected to rise in winter.","","Tourism",NA,NA,NA,NA,NA,NA,NA
4528,"Slovakia","BTR","Hazard","Impact","Although on the one hand less energy will be used for heating, on the other hand there will be higher costs for air conditioning in the summer months","","Tourism",NA,NA,NA,NA,NA,NA,NA
4591,"Slovenia","BTR","Hazard","Climate projections","The increase in air temperature in Slovenia will continue in the 21st century","",NA,NA,NA,NA,NA,NA,NA,NA
4592,"Slovenia","BTR","Hazard","Climate projections","With the increase in air temperature, the soil surface layer will warm, both of which will affect the phenological development of plants and the length of the growing season. The spring phenological development of plants will occur earlier","",NA,NA,NA,NA,NA,NA,NA,NA
4648,"Sweden","BTR","Hazard","Climate trends and hazards","Sweden’s annual mean air temperature will increase by 2°C to 6°C by the period 2071–2100 compared with the reference period 1961–1990, depending on the chosen scenario","",NA,NA,NA,NA,NA,NA,NA,NA
4651,"Sweden","BTR","Hazard","Climate trends and hazards","The length of the growing season (the number of days when the average daily temperature for a single period is over 5°C) has already increased in Sweden. The greatest increase is seen in the north, where the growing season has increased by around two weeks since 1980","",NA,NA,NA,NA,NA,NA,NA,NA
4652,"Sweden","BTR","Hazard","Climate trends and hazards","By the end of the century, the vegetation period is expected to increase by one to two months throughout Sweden, compared to the period 1971-2000","",NA,NA,NA,NA,NA,NA,NA,NA
4659,"Sweden","BTR","Hazard","Climate trends and hazards","The number of hot and humid days have increased in the period 1973-2022","",NA,NA,NA,NA,NA,NA,NA,NA
4668,"Sweden","BTR","Hazard","Climate trends and hazards","It is expected that there will be a decrease in the number of zero crossings throughout the country during autumn and spring. In the wintertime the number of days with zero crossings will also decrease in the south, while there will be an increase in central and northern Sweden","",NA,NA,NA,NA,NA,NA,NA,NA
4669,"Sweden","BTR","Hazard","Climate trends and hazards","In the Swedish mountains and inland in northern Sweden groundwater levels are expected to increase during winters. In southern Sweden and along the coast in northern Sweden periods of low groundwater levels are expected to increase","",NA,NA,NA,NA,NA,NA,NA,NA
4670,"Sweden","BTR","Hazard","Climate trends and hazards","The annual average streamflow is expected to decrease in parts of southern Sweden, while an increase can be seen in large parts of northern Sweden.","",NA,NA,NA,NA,NA,NA,NA,NA
4749,"Vanuatu","BTR","Hazard","Observed climate","The Vanuatu region has warmed by approximately 0.7°C since the pre-industrial period (1850– 1900) upto 2023.","",NA,NA,NA,NA,NA,NA,NA,NA
4755,"Vanuatu","BTR","Hazard","Observed climate","The proportion of severe TCs has risen from 45% to 57%. The mean severity, as indicated by the sustained wind speed of TCs passing within 500 km and 250 km of Vanuatu, has increased by around 15% in recent decades","",NA,NA,NA,NA,NA,NA,NA,NA
4781,"Vanuatu","BTR","Hazard","Vulnerability","Volcanic activity also poses a significant risk; the ongoing eruption of Manaro Voui on Ambae Island since late 2017 has led to the mass evacuation of over 10,000 residents","",NA,NA,NA,NA,NA,NA,NA,NA
4929,"Algeria","BTR","Hazard","Observed climate","An average increase of +0.63°C in the North compared to the annual norm. The years 2020 to 2023 stand out clearly from the lot of the said decade, with a record increase of +1.25°C recorded in 2022, followed by the years 2021, 2023 and 2020","",NA,NA,NA,NA,NA,NA,NA,NA
5112,"Belarus","BTR","Hazard",NA,"The highest frequency of hazardous phenomena is typical for the Vitebsk region, the lowest - for the Mogilev region","",NA,NA,NA,NA,NA,NA,NA,NA
5211,"Belarus","BTR","Hazard","Impact and vulnerability","Due to climate change, the unevenness of changes in runoff has increased, both across the territory of Belarus and in its intra-annual distribution by seasons of the year","","Water resources",NA,NA,NA,NA,NA,NA,NA
5258,"Burkina Faso","BTR","Hazard","Climate analysis","The average air temperature is expected to reach 1.5 degree C in the near future and 4.2 degree C in the distant future, and this could be detrimental to agricultural production when it occurs during the crop flowering period","",NA,NA,NA,NA,NA,NA,NA,NA
5261,"Burkina Faso","BTR","Hazard","Disasters","The frequency of disasters has been increasing since 2000. Indeed, between 1980 and 2000, the country was hit by one or two natural disasters each year (27 events in 20 years). Between 2000 and 2020, the number of disasters reached 65 events, with a peak of 7 events in 2010","",NA,NA,NA,NA,NA,NA,NA,NA
5272,"Burkina Faso","BTR","Hazard","Future climate","The ensemble mean of the models predicts a significant increase in air temperature in Burkina Faso","",NA,NA,NA,NA,NA,NA,NA,NA
5353,"Central African Republic","BTR","Hazard","Risks","The steady rise in air temperature across the country","",NA,NA,NA,NA,NA,NA,NA,NA
5356,"Central African Republic","BTR","Hazard","Rising air temperature","Air temperature in the Central African Republic has been rising continuously since the 1970s. Since 1990, the northeast of the country has recorded an increase of approximately 0.34°C per decade compared to 0.24°C in the southwest","",NA,NA,NA,NA,NA,NA,NA,NA
5410,"Czech Republic","BTR","Hazard","Air temperature","Since the 1960s, a gradual increase in air temperatures has been observed, which has accelerated especially since the 1980s.","",NA,NA,NA,NA,NA,NA,NA,NA
5415,"Czech Republic","BTR","Hazard","Tropical days","Tropical days occur on average only a limited number of days per year for the whole country (on average 8 days per year during the period 1961-2023), but in recent years we observe a significant increase. For example, in 2015, almost 30 tropical days occurred on average across the country (spatially highly differentiated). During 1961-1990, only 4.4 tropical days per year were observed on average. In the period 1991-2020 there has already been a significant increase to 10.4 days per year.","",NA,NA,NA,NA,NA,NA,NA,NA
5484,"Tajikistan","BTR","Hazard","Extreme natural disasters","During the period 1997-2022, Tajikistan experienced more than 4,194 natural disasters. In particular, on average, one natural disaster occurred every two days","",NA,NA,NA,NA,NA,NA,NA,NA
5485,"Tajikistan","BTR","Hazard","Extreme natural disasters","Mudflows are the most common (an average of 70 events per year) and the most dangerous (an average of 35 deaths per year) type of disaster in Tajikistan. Avalanches rank second in these indicators (an average of 27 events and 6 deaths per year)","",NA,NA,NA,NA,NA,NA,NA,NA
5493,"Tajikistan","BTR","Hazard","Future changes","In the future, the minimum daily air temperature may increase in many sub-basins of the Pyanj and Vakhsh river basins","",NA,NA,NA,NA,NA,NA,NA,NA
5716,"Colombia","BTR","Hazard","Climate trends and risks","Relative humidity in Colombia will decrease in most of the country","",NA,NA,NA,NA,NA,NA,NA,NA
5717,"Colombia","BTR","Hazard","Climate trends and risks","Between 2021-2040, wind speed will decrease across much of the country, with small increases in northern La Guajira. By 2041-2060, the reductions will remain, but the increases will be highest in La Guajira and northeastern Orinoquia. In 2061-2080, reductions will continue, but increases will be greater in La Guajira and the northern Caribbean and Orinoquia. By 2081-2100, reductions will continue in the Andean and Pacific regions, with increases in the Caribbean, Orinoquia, and Amazonia, especially in the SSP3-7.0 and SSP5-8.5 scenarios.","",NA,NA,NA,NA,NA,NA,NA,NA
5718,"Colombia","BTR","Hazard","Climate trends and risks","Throughout the 21st century, global radiation will increase in the Andean, Orinoquia, and Amazonia regions, as shown in Figure 3.16, and will decrease in the Caribbean region.","",NA,NA,NA,NA,NA,NA,NA,NA
5782,"Costa Rica","BTR","Hazard","Extreme hydrometeorological events","Cold front","",NA,NA,NA,NA,NA,NA,NA,NA
5783,"Costa Rica","BTR","Hazard","Extreme hydrometeorological events","Low pressure","",NA,NA,NA,NA,NA,NA,NA,NA
5784,"Costa Rica","BTR","Hazard","Extreme hydrometeorological events","El Niño phenomenon","",NA,NA,NA,NA,NA,NA,NA,NA
5785,"Costa Rica","BTR","Hazard","Extreme hydrometeorological events","Hurricane","",NA,NA,NA,NA,NA,NA,NA,NA
5786,"Costa Rica","BTR","Hazard","Extreme hydrometeorological events","Intertropical Convergence Zone","",NA,NA,NA,NA,NA,NA,NA,NA
5787,"Costa Rica","BTR","Hazard","Extreme hydrometeorological events","Tropical wave","",NA,NA,NA,NA,NA,NA,NA,NA
5789,"Costa Rica","BTR","Hazard","Extreme hydrometeorological events","Acceleration of trade winds","",NA,NA,NA,NA,NA,NA,NA,NA
5791,"Costa Rica","BTR","Hazard","Extreme hydrometeorological events","La Niña phenomenon","",NA,NA,NA,NA,NA,NA,NA,NA
5792,"Costa Rica","BTR","Hazard","Extreme hydrometeorological events","Warm Caribbean","",NA,NA,NA,NA,NA,NA,NA,NA
5799,"Costa Rica","BTR","Hazard","Extreme hydrometeorological events","Heat strokes","",NA,NA,NA,NA,NA,NA,NA,NA
5847,"Costa Rica","BTR","Hazard","Vulnerability and Impacts","Recurring low temperatures in northern Cartago affect crop development.","","Agriculture/horticulture",NA,NA,NA,NA,NA,NA,NA
5939,"Côte d'Ivoire","BTR","Hazard","Bush fires","Their damage is considerable on biodiversity, with repercussions on food, social and economic security.","",NA,NA,NA,NA,NA,NA,NA,NA
5941,"Côte d'Ivoire","BTR","Hazard","Risks","Temperature extreme","",NA,NA,NA,NA,NA,NA,NA,NA
5942,"Côte d'Ivoire","BTR","Hazard","Risks","Sliding of land","",NA,NA,NA,NA,NA,NA,NA,NA
5943,"Côte d'Ivoire","BTR","Hazard","Risks","Boulement of ground","",NA,NA,NA,NA,NA,NA,NA,NA
5952,"Côte d'Ivoire","BTR","Hazard","Risks","Falling plants","",NA,NA,NA,NA,NA,NA,NA,NA
5953,"Côte d'Ivoire","BTR","Hazard","Risks","Late start and early end off season","",NA,NA,NA,NA,NA,NA,NA,NA
5954,"Côte d'Ivoire","BTR","Hazard","Risks","Increase in sunshine duration","",NA,NA,NA,NA,NA,NA,NA,NA
6073,"Ecuador","BTR","Hazard","Climate projections","some species could suffer a total loss of their ideal habitat, which would entail a risk high risk of local extinction","",NA,NA,NA,NA,NA,NA,NA,NA
6074,"Ecuador","BTR","Hazard","Climate projections","The models suggest that, under dispersal assumptions, some areas could see an increase in their species richness, which indicates opportunities for the expansion of protected areas in regions that will become critical under climate futures.","",NA,NA,NA,NA,NA,NA,NA,NA
6091,"Ecuador","BTR","Hazard","Climate projections","In the Coca basin power plants (Coca Codo Sinclair and Quijos), the models provide increasing trends in flow rates both in the short term as in the medium and long term","","Hydro-electric",NA,NA,NA,NA,NA,NA,NA
6108,"Gabon","BTR","Hazard","Climate trends","Regarding the meteorological tide, the long-term trend indicates a decrease of some -0.14 mm/year, both in the case of average tides and extreme tides, which implies a reduction of around 5% by 2050, which in absolute terms corresponds to a decrease of some 5.5 mm.","",NA,NA,NA,NA,NA,NA,NA,NA
6109,"Gabon","BTR","Hazard","Climate trends","Significant long-term increases in wave heights, both average and extreme, as well as than a tendency towards clockwise rotation of the incident swell. Both in the case of heights of average and extreme waves, the increase from now until 2050 is around 4%.","",NA,NA,NA,NA,NA,NA,NA,NA
6113,"Gabon","BTR","Hazard","Climate trends","The trend observed in the analysis of the temperature curve shows a slight increase between 1970 and 2015; it is of the order of 1°C for the period indicated, or forty-five years","",NA,NA,NA,NA,NA,NA,NA,NA
6209,"Cuba","BTR","Hazard","Precipitation","There is an increasing trend in the period 1985-2022 with a point of change in the series in 2004","",NA,NA,NA,NA,NA,NA,NA,NA
6211,"Cuba","BTR","Hazard","Tropical cyclones","Between 1791 and 2022, a total of 119 hurricanes have affected Cuba, 36 of them (representing 30%) classified as intense (category 3 or higher on the scale of Saffir-Simpson)","",NA,NA,NA,NA,NA,NA,NA,NA
6212,"Cuba","BTR","Hazard","Tropical cyclones","The hurricanes that affected Cuba show an increasing trend over the last few years.","",NA,NA,NA,NA,NA,NA,NA,NA
6236,"Cuba","BTR","Hazard","Risks","Increased minimum, average, and maximum air temperatures","",NA,NA,NA,NA,NA,NA,NA,NA
6241,"Cuba","BTR","Hazard","Risks","More intense hurricanes","",NA,NA,NA,NA,NA,NA,NA,NA
6242,"Cuba","BTR","Hazard","Risks","Greater intensity of upwellings","",NA,NA,NA,NA,NA,NA,NA,NA
6343,"Mexico","BTR","Hazard","Tropical cyclones and hurricanes","The hurricanes that caused the most damage to the population in these two years (2022,2023) were category 2 Agatha (2022) and H5 Otis (2023). Both events occurred in the Pacific Ocean","",NA,NA,NA,NA,NA,NA,NA,NA
6379,"Monaco","BTR","Hazard","Risks","Water shortages with implications for water supply and quality, but also indirectly on economic activities and the management of the city.","",NA,NA,NA,NA,NA,NA,NA,NA
6382,"Monaco","BTR","Hazard","Temperatures","The AR6 indicates that since the 1980s, atmospheric warming in the Mediterranean basin exceeded the global average rates, i.e. +0.87°C for the decade 2006-2015.","",NA,NA,NA,NA,NA,NA,NA,NA
6383,"Monaco","BTR","Hazard","Temperatures","Future rates of annual and summer warming in the Mediterranean basin should be respectively between 20% and 50% higher than the global annual average.","",NA,NA,NA,NA,NA,NA,NA,NA
6386,"Monaco","BTR","Hazard","Sea level","Since the implementation of the measures, an absolute increase has been observed, in 2023, of 0.077 m with a rise rate of 1.9 mm/year over the observation period 2000-2023.","",NA,NA,NA,NA,NA,NA,NA,NA
6476,"Brazil","BTR","Hazard","Heat waves","Signifi cant increase in practically all of Brazil, from 7 days in the historical period to 52 days between 2011 and 2020.","",NA,NA,NA,NA,NA,NA,NA,NA
6477,"Brazil","BTR","Hazard","Annual rainfall","Reduction in the Northeast and part of the Center-West and Southeast. Increase in the South and in parts of the North","",NA,NA,NA,NA,NA,NA,NA,NA
6479,"Brazil","BTR","Hazard","Heavy rainfall","The southern region has been the most affected in recent decades, with an increase in average values from 140 mm to 160 mm. The states of MG (Minas Gerasi), ES (Espírito Santo), AP (Amapá) and MS (Mato Grosso do Sul) also worsened","",NA,NA,NA,NA,NA,NA,NA,NA
6485,"Brazil","BTR","Hazard","Future climate","Increase in severe wind in the North, Northeast, Southeast and South","",NA,NA,NA,NA,NA,NA,NA,NA
6530,"Brazil","BTR","Hazard","Risks and vulnerabilities","The effect of climate change on flows and affluent natural energy (ANE) indicates scenarios of a decrease of between 6% and 41% in Brazil’s hydroelectric generation capacity.","","Energy",NA,NA,NA,NA,NA,NA,NA
6609,"Panama","BTR","Hazard","Precipitation and temperature","By 2070, even steeper declines are projected in the Caribbean and Pacific regions, Western, while the increases are concentrated in the Dry Arc and the Eastern Pacific region.","",NA,NA,NA,NA,NA,NA,NA,NA
6642,"Panama","BTR","Hazard","Risks","Risks associated with extreme winds","",NA,NA,NA,NA,NA,NA,NA,NA
6656,"Panama","BTR","Hazard","Risks","Susceptibility to hillslides","",NA,NA,NA,NA,NA,NA,NA,NA
6694,"Paraguay","BTR","Hazard","Climate trends and risks","Increase in the events climatic extremes","",NA,NA,NA,NA,NA,NA,NA,NA
6696,"Paraguay","BTR","Hazard","Climate trends and risks","Increase in the temperature","",NA,NA,NA,NA,NA,NA,NA,NA
6700,"Paraguay","BTR","Hazard","Climate trends and risks","Due to the lack of rain, the aquifers are recharged, which could affect the population's access and consumption, as well as biodiversity.","",NA,NA,NA,NA,NA,NA,NA,NA
6711,"Paraguay","BTR","Hazard","Risks","Overflowing of the Paraguay and Paraná rivers.","",NA,NA,NA,NA,NA,NA,NA,NA
6773,"Peru","BTR","Hazard","Impacts, risks and vulnerabilities","In 2023, the lake level dropped by 0.74 m. The water crisis in the southern mountains has affected the rural producers and the general population in an alarming way.","",NA,NA,NA,NA,NA,NA,NA,NA
7010,"Russia","BTR","Hazard","Impacts, Risks and Vulnerabilities","Climate change in the Russian Federation is also reflected in changes agroclimatic characteristics of heat and moisture supply of agricultural crops","",NA,NA,NA,NA,NA,NA,NA,NA
7023,"Russia","BTR","Hazard","Impacts, Risks and Vulnerabilities","Depending on climate change scenarios, the increase in surface air temperature in the Russian Federation compared to the beginning of the 21st century could be 2-3.3 °C by the middle of the century, 2.3-7.5 °C by end of the century.","",NA,NA,NA,NA,NA,NA,NA,NA
7025,"Russia","BTR","Hazard","Impacts, Risks and Vulnerabilities","In 2010-2020, evacuations and forced displacements occurred, caused by natural disasters, more than 142 thousand people in the territory of the Russian Federation were exposed.","",NA,NA,NA,NA,NA,NA,NA,NA
7043,"Russia","BTR","Hazard","Impacts, Risks and Vulnerabilities","In a number of inland waterway basins, the availability of water resources has decreased.","",NA,NA,NA,NA,NA,NA,NA,NA
7049,"Russia","BTR","Hazard","Risks","Increase in soil temperatures.","","Arctic zone",NA,NA,NA,NA,NA,NA,NA
7051,"Russia","BTR","Hazard","Risks","Changes in the species composition of forests;","","Nature management",NA,NA,NA,NA,NA,NA,NA
7053,"Russia","BTR","Hazard","Risks","Increased frequency of outbreaks of mass reproduction of harmful organisms in forests;","","Nature management",NA,NA,NA,NA,NA,NA,NA
7055,"Russia","BTR","Hazard","Risks","Change of humidification mode","","Nature management",NA,NA,NA,NA,NA,NA,NA
7058,"Russia","BTR","Hazard","Risks","Heat","","Agro-industry",NA,NA,NA,NA,NA,NA,NA
7062,"Russia","BTR","Hazard","Risks","Hurricanes;","","Agro-industry",NA,NA,NA,NA,NA,NA,NA
7064,"Russia","BTR","Hazard","Risks","Strong wind;","","Agro-industry",NA,NA,NA,NA,NA,NA,NA
7065,"Russia","BTR","Hazard","Risks","Dry winds;","","Agro-industry",NA,NA,NA,NA,NA,NA,NA
7081,"Russia","BTR","Hazard","Risks","A slight increase in direct solar radiation in the European part of Russia","","Fuel and Energy",NA,NA,NA,NA,NA,NA,NA
7082,"Russia","BTR","Hazard","Risks","Risks to public health associated with changes in the quality of the living environment;","","Public health",NA,NA,NA,NA,NA,NA,NA
7098,"Spain","BTR","Hazard","Impacts, risks and vulnerabilities","Regional projections for Spain outline future trends that suggest a further intensification of the observed trends.","",NA,NA,NA,NA,NA,NA,NA,NA
7117,"Spain","BTR","Hazard","Impacts, risks and vulnerabilities","These impacts will be more severe in higher emissions scenarios and as the 21st century progresses.","",NA,NA,NA,NA,NA,NA,NA,NA
7176,"Uruguay","BTR","Hazard",NA,"Extreme winds","",NA,NA,NA,NA,NA,NA,NA,NA
7180,"Uruguay","BTR","Hazard","Precipitation","Beyond the annual variations, the climate presents an interdecadal variability, generating anomaly patterns similar to those of El Niño, but with longer time scales. During the warm phase of these oscillations, Niño events tend to be more frequent and intense than in the cold phase","",NA,NA,NA,NA,NA,NA,NA,NA
7227,"Uruguay","BTR","Hazard","Projected trends and risks","Future projections show a gradual trend towards greater occurrence of extreme events.","",NA,NA,NA,NA,NA,NA,NA,NA
7244,"Uzbekistan","BTR","Hazard","Impacts, risks and vulnerabilities","According to WMO223 , the period from 2011 to 2020 became the hottest decade in history, and the years from 2015 to 2020 were the six hottest years. In first place was 2016, which coincided with the natural phenomenon of El Niño, which causes warming, and the second –2019, 2020 is in third place","",NA,NA,NA,NA,NA,NA,NA,NA
7300,"Uzbekistan","BTR","Hazard","Vulnerability","It is predicted the greatest increase in water demand for winter wheat and perennial crops (orchards, vineyards, alfalfa).","",NA,NA,NA,NA,NA,NA,NA,NA
7301,"Uzbekistan","BTR","Hazard","Hazard","Extreme air temperatures","",NA,NA,NA,NA,NA,NA,NA,NA
7304,"Uzbekistan","BTR","Hazard","Hazard","Over the observation period 1887-2022 in Uzbekistan 4072 cases of mudflows were registered. In fact, all rivers, including temporary watercourses, within mountainous and foothill areas are mudflow hazardous.","",NA,NA,NA,NA,NA,NA,NA,NA
7305,"Uzbekistan","BTR","Hazard","Hazard","The average annual number of mudflow incidents has increased from 39 incidents per year (2000-2019) to more than 58 cases (2003 - 2022).","",NA,NA,NA,NA,NA,NA,NA,NA
7307,"Uzbekistan","BTR","Hazard","Hazard","Avalanches","",NA,NA,NA,NA,NA,NA,NA,NA
7335,"Venezuela","BTR","Hazard","Climate scenarios","In general, future climate scenarios for Venezuela expresses that the temperature in the country will tend to increase (although at different rates) of change according to each global climate model and geographic region)","",NA,NA,NA,NA,NA,NA,NA,NA
7338,"Venezuela","BTR","Hazard","Projected changes","The climate scenarios show a clear upward trend generalized average monthly temperature, significantly altering the country's thermal pattern","",NA,NA,NA,NA,NA,NA,NA,NA
7355,"Venezuela","BTR","Hazard","Vulnerability","The higher education sector is predictable that thermal stress, dehydration and health problems will affect learning ability, concentration and academic performance of the students","","University education",NA,NA,NA,NA,NA,NA,NA
7435,"Zimbabwe","BTR","Hazard","Rainfall","Of late there have been a shift in the start and end dates of the rainy season, as well as a rise in the frequency of intra-seasonal dry periods and general reduction in seasonal lengths","",NA,NA,NA,NA,NA,NA,NA,NA
7442,"Zimbabwe","BTR","Hazard","Temperature","Over the same time span, the national average maximum temperature has increased by roughly 1ºC.","",NA,NA,NA,NA,NA,NA,NA,NA
7443,"Zimbabwe","BTR","Hazard","Temperature projections","According to the global simulation models, Zimbabwe has been warming and is expected to continue warming until the 2080s.","",NA,NA,NA,NA,NA,NA,NA,NA
7620,"Saudi Arabia","BTR","Hazard","Floods","Saudi Arabia has experienced major flash food in the near past in different parts of Saudi Arabia including Jeddah, Makkah, Medina, Riyadh and Eastern Province.","",NA,NA,NA,NA,NA,NA,NA,NA
7655,"Japan","BTR","Hazard","Extreme temperature","Analysis of observed values at 13 Japan Meteorological Agency sites where the effects of urbanization are considered to be relatively small shows that during the statistical period from 1910 to 2023, the number of days with a daily maximum temperature of 35°C or above has increased (statistically significant at a confidence level of 99%)","",NA,NA,NA,NA,NA,NA,NA,NA
7656,"Japan","BTR","Hazard","Extreme temperature","Meanwhile, the number of days with a daily minimum temperature below 0°C decreased during the same period, and the number of days with a daily minimum temperature of 25°C or above increased (both statistically significant at a confidence level of 99%).","",NA,NA,NA,NA,NA,NA,NA,NA
7657,"Japan","BTR","Hazard","Extreme temperature","Under the RCP8.5 scenario, the annual number of days with a maximum temperature of 35°C or above is projected to increase significantly nationwide at the end of the 21st century (average for 2076–2095) relative to the end of the 20th century (average for 1980–1999).","",NA,NA,NA,NA,NA,NA,NA,NA
7658,"Japan","BTR","Hazard","Extreme temperature","The annual number of days with a minimum temperature of 25°C or above is also projected to increase significantly nationwide. They are projected to become more frequent in coastal and other low-lying areas","",NA,NA,NA,NA,NA,NA,NA,NA
7659,"Japan","BTR","Hazard","Extreme temperature","Projected increasing trend to the number of days with a maximum temperature of 35°C or above (high confidence, for reasons similar to the number of days with a maximum temperature of 35°C or above).","",NA,NA,NA,NA,NA,NA,NA,NA
7766,"France","BTR","Hazard","Increased temperatures","A difference of 0.8°C in the magnitude of the increase is projected between Normandy and the southern region by 2100.","",NA,NA,NA,NA,NA,NA,NA,NA
7768,"France","BTR","Hazard","Increased temperatures","The entire territory will be affected by the significant increase in the number of so-called tropical nights, i.e. nights where the temperature does not fall below 20°C.","",NA,NA,NA,NA,NA,NA,NA,NA
7814,"Brunei Darussalam","BTR","Hazard","Observed climate change trends","Whereas for relative humidity, it varies between 80-90% on average since 1979 to 2022","",NA,NA,NA,NA,NA,NA,NA,NA
7823,"Brunei Darussalam","BTR","Hazard","Risks","Decrease in temperature","",NA,NA,NA,NA,NA,NA,NA,NA
7826,"Brunei Darussalam","BTR","Hazard","Risks","Seal level rise","",NA,NA,NA,NA,NA,NA,NA,NA
7827,"Brunei Darussalam","BTR","Hazard","Risks","Prolonged El-Nino","",NA,NA,NA,NA,NA,NA,NA,NA
7828,"Brunei Darussalam","BTR","Hazard","Risks","Prolonged La Nina","",NA,NA,NA,NA,NA,NA,NA,NA
7831,"Brunei Darussalam","BTR","Hazard","Hazard","Haze","",NA,NA,NA,NA,NA,NA,NA,NA
7835,"Brunei Darussalam","BTR","Hazard","Hazard","High coastal wave energy","",NA,NA,NA,NA,NA,NA,NA,NA
7950,"Bolivia","BTR","Hazard",NA,"Hurricanes","",NA,NA,NA,NA,NA,NA,NA,"Elements lable missing"
7958,"Bolivia","BTR","Hazard","Sensitivity of assets, infrastructure and society","The extreme events that occur in Bolivia highlight the high conditions of vulnerability of basic infrastructure. The losses and damages generated by the extreme events depend on the intensity of the events and on exposure and vulnerability;","","Infrastructure",NA,NA,NA,NA,NA,NA,NA
7977,"Solomon Islands","BTR","Hazard","Current climate trends","The range of increase in mean air temperature for most provinces is between 0.14 ℃ and 0.17℃/decade","",NA,NA,NA,NA,NA,NA,NA,NA
7982,"Solomon Islands","BTR","Hazard","Precipitation projections","However, there will still be significant year-to-year variability, influenced by broader climatic phenomena such as the El Niño-Southern Oscillation (ENSO)","",NA,NA,NA,NA,NA,NA,NA,NA
8585,"United Kingdom of Great Britain and Northern Ireland","BTR","Hazard","Adaptation priorities and barriers","Risks to human health, wellbeing and productivity from increased exposure to heat in homes and other buildings","",NA,NA,NA,NA,NA,NA,NA,NA
8601,"United Kingdom of Great Britain and Northern Ireland","BTR","Hazard","Adaptation goals, actions, objectives, undertakings, efforts, plans, strategies, policies, priorities, programmes and efforts to build resilience;","Climate change will increase the threat of Invasive Non-Native Species (INNS).  The Jersey Biological Security Framework has been set up to ensure international obligations are met and Jersey is protected from negative impacts. Components of this project include a review of current measures, establishing funding to deal with Asian Hornet threat and development of long-term management plans for Japanese Knotweed.","",NA,NA,NA,NA,NA,NA,NA,NA
8681,"Azerbaijan","BTR","Hazard","Temperature and precipitation changes","The air temperature anomaly in most parts of the country varies between positive 0.9-1.20C. The highest positive anomaly is observed in the northwestern region of 1.3-1.60C. The least positive anomaly is observed in coastal areas of 0.6-0.90C.","",NA,NA,NA,NA,NA,NA,NA,NA
9087,"Denmark","BTR","Hazard","Observed and potential impacts of climate change","The human body creates Vitamin D after only short exposure to the sun, however too much sun exposure can cause skin cancer and malignant melanoma .","","Health",NA,NA,NA,NA,NA,NA,NA
9088,"Denmark","BTR","Hazard","Observed and potential impacts of climate change","With a longer pollen season, higher pollen counts and more mould spores in outdoor air, many people will experience more symptoms (asthma and hay fever) and will need intensified preventive treatment. Furthermore, more people are likely to develop allergies (hay fever and asthma).","","Health",NA,NA,NA,NA,NA,NA,NA
9090,"Denmark","BTR","Hazard","Observed and potential impacts of climate change","After longer periods with warm seawater, an increased concentration of certain marine bacteria such as Vibrio vulnificus will comprise an infection risk for fishermen and swimmers, and there may be more incidents of algal blooms and dangerous jellyfish.","","Health",NA,NA,NA,NA,NA,NA,NA
9094,"Denmark","BTR","Hazard","Observed and potential impacts of climate change","The climate-related air pollution particularly affects people with reduced heart and lung function and increases the risk of more ailments and reduced quality of life.","","Air Pollution",NA,NA,NA,NA,NA,NA,NA
9112,"Denmark","BTR","Hazard","Observed and potential impacts of climate change","Due to the gradual changes in climate, historical statistics of weather and climate events cannot necessarily be used as a reliable prediction of the risk of such events.","","Insurance",NA,NA,NA,NA,NA,NA,NA
9228,"Netherlands","BTR","Hazard","Current Climate in the Netherlands","In all four scenarios that KNMI (Royal Netherlands Meteorological Institute) developed for the Netherlands (KNMI, 2023a-b), the temperature is expected to increase further. Around both 2050 and 2100, the effects of global warming will be felt most intensely in summer (June, July, August).","",NA,NA,NA,NA,NA,NA,NA,NA
9229,"Netherlands","BTR","Hazard","Current Climate in the Netherlands","The stronger warming in the summer will partly be caused by the drier soils.","",NA,NA,NA,NA,NA,NA,NA,NA
9230,"Netherlands","BTR","Hazard","Current Climate in the Netherlands","The wind is also expected to blow more often from the east, bringing warm, dry air.","",NA,NA,NA,NA,NA,NA,NA,NA
9239,"Netherlands","BTR","Hazard","Climate scenarios","The extent to which the climate will change depends on the amount of greenhouse gases that will be emitted in the future and on the sensitivity of the climate system.","",NA,NA,NA,NA,NA,NA,NA,NA
9240,"Netherlands","BTR","Hazard","Climate scenarios","In all scenarios, as the climate heats up, the Netherlands will experience drier summers and wetter winters.","",NA,NA,NA,NA,NA,NA,NA,NA
9244,"Netherlands","BTR","Hazard","Climate scenarios","Users of the climate scenarios indicated that water scarcity is one of the main challenges for the future, especially after the recent dry years.","",NA,NA,NA,NA,NA,NA,NA,NA
9261,"Netherlands","BTR","Hazard","Adaptation challenges and gaps, and barriers to adaptation","At the same time, risks have increased in due to climatological factors as well as non-climatological factors, such as population growth, the ageing population of the Netherlands, and further urbanisation.","",NA,NA,NA,NA,NA,NA,NA,NA
9412,"New Zealand","BTR","Hazard","Current climate","In the past 100 years, New Zealand’s climate has warmed by 1.1 degrees Celsius","",NA,NA,NA,NA,NA,NA,NA,NA
9424,"New Zealand","BTR","Hazard","Future climate change","Windy days – days when maximum wind speed is more than 10 metres per second – are expected to decrease per year for much of the North Island and increase per year in most of the South Island by 2090. For example, Dunedin City (in the southeastern South Island) is projected to experience between 5 and 6 more windy days per year on average by 2090. Wellington City (on the southwestern tip of the North Island) is projected to experience between 2 more and 5 fewer windy days per year on average by 2090","",NA,NA,NA,NA,NA,NA,NA,NA
9657,"Pakistan","BTR","Hazard","Impacts of Climate Change","According to some estimates, failure to adapt to climate change could reduce Pakistan's GDP by 18-20% by 2050 (WB, 2022).","",NA,NA,NA,NA,NA,NA,NA,NA
9663,"Pakistan","BTR","Hazard","Impacts of Climate Change","Such extreme conditions overwhelm healthcare systems and exacerbate pre-existing health issues.","",NA,NA,NA,NA,NA,NA,NA,NA
9688,"Pakistan","BTR","Hazard","Impacts of Climate Change","Over the long term, glacial shrinkage poses a more insidious threat to water availability.","",NA,NA,NA,NA,NA,NA,NA,NA
9690,"Pakistan","BTR","Hazard","Impacts of Climate Change","Declining river flows will exacerbate water scarcity, which is already acute.","",NA,NA,NA,NA,NA,NA,NA,NA
9692,"Pakistan","BTR","Hazard","Impacts of Climate Change","By 2025, this figure is projected to drop further, potentially leading to severe agricultural losses, interprovincial conflicts over water distribution and heightened social tensions.","",NA,NA,NA,NA,NA,NA,NA,NA
9697,"Pakistan","BTR","Hazard","Impacts of Climate Change","Without immediate investment in water conservation, watershed management and storage reservoirs, the country faces an acute water crisis in the near future.","",NA,NA,NA,NA,NA,NA,NA,NA
9706,"Pakistan","BTR","Hazard","Impacts of Climate Change","Cities like Karachi have recorded temperatures exceeding 45°C, often leading to heatstroke-related deaths.","",NA,NA,NA,NA,NA,NA,NA,NA
9718,"Pakistan","BTR","Hazard","Impacts of Climate Change","Emissions from transport, industry, agriculture and coal burning give rise to smog conditions, paralysing civic life.","",NA,NA,NA,NA,NA,NA,NA,NA
9726,"Pakistan","BTR","Hazard","Impacts of Climate Change","Glacial retreat is a critical threat to mountain ecosystems, leading to shrinking habitats, depleted food sources and loss of biodiversity.","",NA,NA,NA,NA,NA,NA,NA,NA
9733,"Pakistan","BTR","Hazard","Impacts of Climate Change","Climate change poses a severe challenge to agricultural productivity, threatening food security and rural livelihoods.","","Agriculture and food security",NA,NA,NA,NA,NA,NA,NA
9738,"Pakistan","BTR","Hazard","Impacts of Climate Change","Water scarcity, driven by inefficient irrigation systems and the mismanagement of water resources, poses another significant threat.","","Agriculture and food security",NA,NA,NA,NA,NA,NA,NA
9739,"Pakistan","BTR","Hazard","Impacts of Climate Change","Shifting weather patterns bring untimely rains, often in the wheat harvesting and threshing season, inflicting heavy pre- and post-harvest losses.","","Agriculture and food security",NA,NA,NA,NA,NA,NA,NA
9756,"Pakistan","BTR","Hazard","Impacts of Climate Change","Emissions from transport, industry, agriculture and coal burning give rise to smog conditions, paralysing civic life.","","Public Health",NA,NA,NA,NA,NA,NA,NA
9764,"Pakistan","BTR","Hazard","Impacts of Climate Change","Glacial retreat is a critical threat to mountain ecosystems, leading to shrinking habitats, depleted food sources and loss of biodiversity.","","Ecosystem degradation and biodiversity loss",NA,NA,NA,NA,NA,NA,NA
9776,"Pakistan","BTR","Hazard","Impacts of Climate Change","As seawater encroaches further inland, it contaminates groundwater supplies, making them unsuitable for drinking or irrigation.","","Ecosystem degradation and biodiversity loss",NA,NA,NA,NA,NA,NA,NA
9786,"Pakistan","BTR","Hazard","Impacts of Climate Change","Climate change poses a severe challenge to agricultural productivity, threatening food security and rural livelihoods.","","Ecosystem degradation and biodiversity loss",NA,NA,NA,NA,NA,NA,NA
9791,"Pakistan","BTR","Hazard","Impacts of Climate Change","Water scarcity, driven by inefficient irrigation systems and the mismanagement of water resources, poses another significant threat.","","Ecosystem degradation and biodiversity loss",NA,NA,NA,NA,NA,NA,NA
9792,"Pakistan","BTR","Hazard","Impacts of Climate Change","Shifting weather patterns bring untimely rains, often in the wheat harvesting and threshing season, inflicting heavy pre- and post-harvest losses.","","Ecosystem degradation and biodiversity loss",NA,NA,NA,NA,NA,NA,NA
10034,"Sri Lanka","BTR","Hazard","Climate impacts, risks, and vulnerabilities on different sectors","Food insecurity, especially for children and mothers, and worsening health outcomes (morbidity/mortality) will occur unless adaptation is prioritized.","",NA,NA,NA,NA,NA,NA,NA,NA
10170,"Germany","BTR","Hazard","Temperature","From 1881 to 2021, Germany warmed by about 1.6 degrees.","",NA,NA,NA,NA,NA,NA,NA,NA
10171,"Germany","BTR","Hazard","Temperature","In keeping with this trend, the numbers of cold and very cold days have decreased, and the numbers of warm and very warm days have increased.","",NA,NA,NA,NA,NA,NA,NA,NA
10173,"Germany","BTR","Hazard","Temperature","In the Alps in particular, the projected warming rates, for both the climate action scenario and the high emission scenario, are even higher than those projected for Germany as a whole","",NA,NA,NA,NA,NA,NA,NA,NA
10174,"Germany","BTR","Hazard","Temperature","The warming is similarly pronounced throughout the seasons, with the exception of spring, when it is less pronounced","",NA,NA,NA,NA,NA,NA,NA,NA
10177,"Germany","BTR","Hazard","Temperature","In all seasons, the warming in the Alps and the Alpine Foreland is more strongly pronounced than the warming for Germany as a whole","",NA,NA,NA,NA,NA,NA,NA,NA
10182,"Germany","BTR","Hazard","Precipitation","The range for the summer, in the high emission scenario, ranges between an increase of +12% and a decrease of -60%.","",NA,NA,NA,NA,NA,NA,NA,NA
10184,"Germany","BTR","Hazard","Sea levels","At the gauge in Travemünde, the increase amounts to about 25 centimetres","",NA,NA,NA,NA,NA,NA,NA,NA
10186,"Germany","BTR","Hazard","Sea levels","In the SSP1-2.6 scenario for Cuxhaven, for example, a rise of 0.51m is projected, while for Travemünde a rise of 0.5m is projected","",NA,NA,NA,NA,NA,NA,NA,NA
10187,"Germany","BTR","Hazard","Sea levels","In the SSP5-8.5 scenario for Cuxhaven, a rise of 0.51m is projected, while for Travemünde a rise of 0.5m is projected","",NA,NA,NA,NA,NA,NA,NA,NA
10300,"Australia","BTR","Hazard","Change in temperature","Australia’s climate has warmed by an average of 1.51±0.23°C since national records began in 1910 (BOM and CSIRO 2024). Australia’s national area-averaged mean temperature for winter in 2024 was 1.48°C above the 1961–1990 average, the second warmest winter on record since national observations began in 1910. An unseasonal warm period affected most of Australia in the second half of August 2024, with both daytime and night-time temperatures more than 10°C above the August average for large parts of the country, according to the Bureau of Meteorology (BoM 2024a). Australia is projected to experience continued increase in air temperatures, more heat extremes and fewer cold extremes.","",NA,NA,NA,NA,NA,NA,NA,NA
10536,"Bhutan","BTR","Hazard",NA,"Nearly 90% of chir pine forests are projected to be at high risk till 2050 with over 60% of blue pine forests also facing high risk.","","Forests",NA,NA,NA,NA,NA,NA,NA
10552,"Bhutan","BTR","Hazard",NA,"Based on historical data and climate scenarios (RCP 4.5 and RCP 8.5), it is projected that dengue cases could rise to approximately 3,000 annually over the next 30 years under a business-as-usual scenario. The most affected Dzongkhags will be Chhukha, Samtse, and Thimphu.","","Health",NA,NA,NA,NA,NA,NA,NA
10873,"South Africa","BTR","Hazard","impacts risks and vulnerabilities","Contrarily, the Eastern Cape has been experiencing more wet years, while Mpumalanga, Gauteng, KwaZulu-Natal and Limpopo provinces have mainly experienced dry years since the beginning of the 21st century.","",NA,NA,NA,NA,NA,NA,NA,NA
10874,"South Africa","BTR","Hazard","impacts risks and vulnerabilities","There is a general warming trend, with significant increases in observed temperature, particularly in higher latitude regions.","",NA,NA,NA,NA,NA,NA,NA,NA
10875,"South Africa","BTR","Hazard","impacts risks and vulnerabilities","Further evidence shows that South Africa has been warming at 1.5-times the global warming rate (Wolski, P. 2019).","",NA,NA,NA,NA,NA,NA,NA,NA
10888,"South Africa","BTR","Hazard","temperature increase","The model confidence in the warming signal over South Africa is high (i.e., all models agree on the sign of change). The models reflect that the projected warming rate will likely be highest under the future low mitigation (SSP5.8-5).","",NA,NA,NA,NA,NA,NA,NA,NA
10895,"South Africa","BTR","Hazard","temperature extremes: heat and drought","For all the climatic regions, the ensemble median average daytime temperatures increase with the increasing global warming levels, indicating that the local extreme daytime temperatures in South Africa are warming with the general warming in global temperatures. Moreover, the interquartile range also increases with global warming levels, for all the climatic regions, except at 2 0C for region 4.","",NA,NA,NA,NA,NA,NA,NA,NA
11222,"China","BTR","Hazard","Other variables","From 1961 to 2022, average wind speed showed an overall decreasing trend, with an average decrease of 0.14 meters per second per decade.","",NA,NA,"Element label redone",NA,NA,NA,NA,NA
11223,"China","BTR","Hazard","Other variables","The annual average sunshine hours displayed a significant decreasing trend, with an average decrease of 24.2 hours per decade.","",NA,NA,"Element label redone",NA,NA,NA,NA,NA
11224,"China","BTR","Hazard","Other variables","The annual accumulated temperature above 10°C showed a marked increasing trend, with an average increase of 64.5°C per decade.","",NA,NA,"Element label redone",NA,NA,NA,NA,NA
11228,"China","BTR","Hazard","Extreme weather and climate events","From 1961 to 2022, the frequency of extreme high-temperature events in China showed a significant upward trend, with distinct periodic changes. Since the late 1990s, the frequency of such events has been notably high","",NA,NA,"Element label redone",NA,NA,NA,NA,NA
